claim_id,split,class_label,image_filenames
CLM01432,train,Valid,CLM01432_v1.png;CLM01432_v2.png
CLM01160,train,Valid,CLM01160_v1.png;CLM01160_v2.png
CLM01323,train,Valid,CLM01323_v1.png;CLM01323_v2.png
CLM01363,train,Valid,CLM01363_v1.png;CLM01363_v2.png
CLM01133,train,ManualReview,CLM01133_v1.png;CLM01133_v2.png
CLM01418,train,Valid,CLM01418_v1.png;CLM01418_v2.png
CLM00324,train,ManualReview,CLM00324_v1.png;CLM00324_v2.png
CLM01476,train,Valid,CLM01476_v1.png;CLM01476_v2.png
CLM00054,train,ManualReview,CLM00054_v1.png;CLM00054_v2.png
CLM00760,train,Invalid,CLM00760_v1.png;CLM00760_v2.png
CLM01447,train,Valid,CLM01447_v1.png;CLM01447_v2.png
CLM00868,train,Valid,CLM00868_v1.png;CLM00868_v2.png
CLM00357,train,ManualReview,CLM00357_v1.png;CLM00357_v2.png
CLM00386,train,Valid,CLM00386_v1.png;CLM00386_v2.png
CLM00848,train,Valid,CLM00848_v1.png;CLM00848_v2.png
CLM00250,train,Invalid,CLM00250_v1.png;CLM00250_v2.png
CLM00364,train,Valid,CLM00364_v1.png;CLM00364_v2.png
CLM01282,train,Valid,CLM01282_v1.png;CLM01282_v2.png
CLM00673,train,Invalid,CLM00673_v1.png;CLM00673_v2.png
CLM01404,train,Valid,CLM01404_v1.png;CLM01404_v2.png
CLM00653,train,ManualReview,CLM00653_v1.png;CLM00653_v2.png
CLM00265,train,Invalid,CLM00265_v1.png;CLM00265_v2.png
CLM00184,train,Invalid,CLM00184_v1.png;CLM00184_v2.png
CLM00528,train,Invalid,CLM00528_v1.png;CLM00528_v2.png
CLM01370,train,Valid,CLM01370_v1.png;CLM01370_v2.png
CLM00014,train,ManualReview,CLM00014_v1.png;CLM00014_v2.png
CLM00658,train,ManualReview,CLM00658_v1.png;CLM00658_v2.png
CLM00195,train,ManualReview,CLM00195_v1.png;CLM00195_v2.png
CLM00556,train,ManualReview,CLM00556_v1.png;CLM00556_v2.png
CLM00610,train,ManualReview,CLM00610_v1.png;CLM00610_v2.png
CLM00249,train,ManualReview,CLM00249_v1.png;CLM00249_v2.png
CLM00286,train,Valid,CLM00286_v1.png;CLM00286_v2.png
CLM01274,train,Valid,CLM01274_v1.png;CLM01274_v2.png
CLM00027,train,Invalid,CLM00027_v1.png;CLM00027_v2.png
CLM00655,train,ManualReview,CLM00655_v1.png;CLM00655_v2.png
CLM00987,train,Invalid,CLM00987_v1.png;CLM00987_v2.png
CLM01343,train,Valid,CLM01343_v1.png;CLM01343_v2.png
CLM00607,train,ManualReview,CLM00607_v1.png;CLM00607_v2.png
CLM00977,train,Invalid,CLM00977_v1.png;CLM00977_v2.png
CLM00094,train,ManualReview,CLM00094_v1.png;CLM00094_v2.png
CLM00139,train,Invalid,CLM00139_v1.png;CLM00139_v2.png
CLM00545,train,Invalid,CLM00545_v1.png;CLM00545_v2.png
CLM00959,train,Valid,CLM00959_v1.png;CLM00959_v2.png
CLM01439,train,Valid,CLM01439_v1.png;CLM01439_v2.png
CLM01151,train,ManualReview,CLM01151_v1.png;CLM01151_v2.png
CLM00690,train,ManualReview,CLM00690_v1.png;CLM00690_v2.png
CLM01165,train,ManualReview,CLM01165_v1.png;CLM01165_v2.png
CLM01186,train,Valid,CLM01186_v1.png;CLM01186_v2.png
CLM00170,train,Invalid,CLM00170_v1.png;CLM00170_v2.png
CLM00798,train,Invalid,CLM00798_v1.png;CLM00798_v2.png
CLM00832,train,Invalid,CLM00832_v1.png;CLM00832_v2.png
CLM01201,train,ManualReview,CLM01201_v1.png;CLM01201_v2.png
CLM01052,train,Invalid,CLM01052_v1.png;CLM01052_v2.png
CLM00236,train,Invalid,CLM00236_v1.png;CLM00236_v2.png
CLM00247,train,Valid,CLM00247_v1.png;CLM00247_v2.png
CLM01142,train,Valid,CLM01142_v1.png;CLM01142_v2.png
CLM00857,train,ManualReview,CLM00857_v1.png;CLM00857_v2.png
CLM00860,train,ManualReview,CLM00860_v1.png;CLM00860_v2.png
CLM00782,train,Valid,CLM00782_v1.png;CLM00782_v2.png
CLM00612,train,Invalid,CLM00612_v1.png;CLM00612_v2.png
CLM00045,train,Invalid,CLM00045_v1.png;CLM00045_v2.png
CLM00559,train,Valid,CLM00559_v1.png;CLM00559_v2.png
CLM01182,train,Valid,CLM01182_v1.png;CLM01182_v2.png
CLM01377,train,Valid,CLM01377_v1.png;CLM01377_v2.png
CLM00330,train,ManualReview,CLM00330_v1.png;CLM00330_v2.png
CLM00634,train,Invalid,CLM00634_v1.png;CLM00634_v2.png
CLM00349,train,Valid,CLM00349_v1.png;CLM00349_v2.png
CLM00198,train,Invalid,CLM00198_v1.png;CLM00198_v2.png
CLM00382,train,Invalid,CLM00382_v1.png;CLM00382_v2.png
CLM00945,train,Valid,CLM00945_v1.png;CLM00945_v2.png
CLM01373,train,Valid,CLM01373_v1.png;CLM01373_v2.png
CLM00869,train,Invalid,CLM00869_v1.png;CLM00869_v2.png
CLM01460,train,Valid,CLM01460_v1.png;CLM01460_v2.png
CLM00335,train,Invalid,CLM00335_v1.png;CLM00335_v2.png
CLM00861,train,Valid,CLM00861_v1.png;CLM00861_v2.png
CLM00838,train,ManualReview,CLM00838_v1.png;CLM00838_v2.png
CLM00834,train,Invalid,CLM00834_v1.png;CLM00834_v2.png
CLM00561,train,ManualReview,CLM00561_v1.png;CLM00561_v2.png
CLM01110,train,Invalid,CLM01110_v1.png;CLM01110_v2.png
CLM01126,train,Valid,CLM01126_v1.png;CLM01126_v2.png
CLM00923,train,ManualReview,CLM00923_v1.png;CLM00923_v2.png
CLM00667,train,Invalid,CLM00667_v1.png;CLM00667_v2.png
CLM00666,train,Valid,CLM00666_v1.png;CLM00666_v2.png
CLM00756,train,ManualReview,CLM00756_v1.png;CLM00756_v2.png
CLM01316,train,Valid,CLM01316_v1.png;CLM01316_v2.png
CLM00546,train,ManualReview,CLM00546_v1.png;CLM00546_v2.png
CLM00068,train,Invalid,CLM00068_v1.png;CLM00068_v2.png
CLM00493,train,Invalid,CLM00493_v1.png;CLM00493_v2.png
CLM00840,train,ManualReview,CLM00840_v1.png;CLM00840_v2.png
CLM00423,train,ManualReview,CLM00423_v1.png;CLM00423_v2.png
CLM00065,train,ManualReview,CLM00065_v1.png;CLM00065_v2.png
CLM00380,train,Invalid,CLM00380_v1.png;CLM00380_v2.png
CLM01090,train,ManualReview,CLM01090_v1.png;CLM01090_v2.png
CLM00930,train,ManualReview,CLM00930_v1.png;CLM00930_v2.png
CLM01253,train,Valid,CLM01253_v1.png;CLM01253_v2.png
CLM00727,train,Invalid,CLM00727_v1.png;CLM00727_v2.png
CLM00272,train,Invalid,CLM00272_v1.png;CLM00272_v2.png
CLM01342,train,Valid,CLM01342_v1.png;CLM01342_v2.png
CLM00315,train,ManualReview,CLM00315_v1.png;CLM00315_v2.png
CLM01064,train,Valid,CLM01064_v1.png;CLM01064_v2.png
CLM00813,train,ManualReview,CLM00813_v1.png;CLM00813_v2.png
CLM00277,train,ManualReview,CLM00277_v1.png;CLM00277_v2.png
CLM00893,train,Valid,CLM00893_v1.png;CLM00893_v2.png
CLM01403,train,Valid,CLM01403_v1.png;CLM01403_v2.png
CLM00037,train,ManualReview,CLM00037_v1.png;CLM00037_v2.png
CLM00296,train,ManualReview,CLM00296_v1.png;CLM00296_v2.png
CLM00081,train,Invalid,CLM00081_v1.png;CLM00081_v2.png
CLM00752,train,ManualReview,CLM00752_v1.png;CLM00752_v2.png
CLM00375,train,ManualReview,CLM00375_v1.png;CLM00375_v2.png
CLM01260,train,Valid,CLM01260_v1.png;CLM01260_v2.png
CLM00674,train,Invalid,CLM00674_v1.png;CLM00674_v2.png
CLM00819,train,Invalid,CLM00819_v1.png;CLM00819_v2.png
CLM01140,train,ManualReview,CLM01140_v1.png;CLM01140_v2.png
CLM00018,train,ManualReview,CLM00018_v1.png;CLM00018_v2.png
CLM00449,train,Valid,CLM00449_v1.png;CLM00449_v2.png
CLM00551,train,Invalid,CLM00551_v1.png;CLM00551_v2.png
CLM00701,train,Invalid,CLM00701_v1.png;CLM00701_v2.png
CLM00784,train,Invalid,CLM00784_v1.png;CLM00784_v2.png
CLM00091,train,Invalid,CLM00091_v1.png;CLM00091_v2.png
CLM01106,train,Invalid,CLM01106_v1.png;CLM01106_v2.png
CLM01480,train,Valid,CLM01480_v1.png;CLM01480_v2.png
CLM01468,train,Valid,CLM01468_v1.png;CLM01468_v2.png
CLM01293,train,Valid,CLM01293_v1.png;CLM01293_v2.png
CLM00239,train,Invalid,CLM00239_v1.png;CLM00239_v2.png
CLM00614,train,ManualReview,CLM00614_v1.png;CLM00614_v2.png
CLM00713,train,Invalid,CLM00713_v1.png;CLM00713_v2.png
CLM00685,train,ManualReview,CLM00685_v1.png;CLM00685_v2.png
CLM00015,train,ManualReview,CLM00015_v1.png;CLM00015_v2.png
CLM01174,train,ManualReview,CLM01174_v1.png;CLM01174_v2.png
CLM00564,train,Invalid,CLM00564_v1.png;CLM00564_v2.png
CLM00211,train,ManualReview,CLM00211_v1.png;CLM00211_v2.png
CLM00671,train,ManualReview,CLM00671_v1.png;CLM00671_v2.png
CLM00847,train,Invalid,CLM00847_v1.png;CLM00847_v2.png
CLM00385,train,ManualReview,CLM00385_v1.png;CLM00385_v2.png
CLM00472,train,Valid,CLM00472_v1.png;CLM00472_v2.png
CLM00696,train,ManualReview,CLM00696_v1.png;CLM00696_v2.png
CLM00828,train,Invalid,CLM00828_v1.png;CLM00828_v2.png
CLM00845,train,Invalid,CLM00845_v1.png;CLM00845_v2.png
CLM01025,train,ManualReview,CLM01025_v1.png;CLM01025_v2.png
CLM00993,train,Invalid,CLM00993_v1.png;CLM00993_v2.png
CLM00969,train,ManualReview,CLM00969_v1.png;CLM00969_v2.png
CLM00677,train,ManualReview,CLM00677_v1.png;CLM00677_v2.png
CLM00966,train,ManualReview,CLM00966_v1.png;CLM00966_v2.png
CLM01212,train,ManualReview,CLM01212_v1.png;CLM01212_v2.png
CLM00738,train,Invalid,CLM00738_v1.png;CLM00738_v2.png
CLM01167,train,ManualReview,CLM01167_v1.png;CLM01167_v2.png
CLM00258,train,Valid,CLM00258_v1.png;CLM00258_v2.png
CLM00793,train,ManualReview,CLM00793_v1.png;CLM00793_v2.png
CLM00404,train,Invalid,CLM00404_v1.png;CLM00404_v2.png
CLM00976,train,Invalid,CLM00976_v1.png;CLM00976_v2.png
CLM01308,train,Valid,CLM01308_v1.png;CLM01308_v2.png
CLM00737,train,ManualReview,CLM00737_v1.png;CLM00737_v2.png
CLM00485,train,ManualReview,CLM00485_v1.png;CLM00485_v2.png
CLM01055,train,Invalid,CLM01055_v1.png;CLM01055_v2.png
CLM00408,train,ManualReview,CLM00408_v1.png;CLM00408_v2.png
CLM00806,train,Invalid,CLM00806_v1.png;CLM00806_v2.png
CLM00064,train,Valid,CLM00064_v1.png;CLM00064_v2.png
CLM01388,train,Valid,CLM01388_v1.png;CLM01388_v2.png
CLM01242,train,Valid,CLM01242_v1.png;CLM01242_v2.png
CLM01356,train,Valid,CLM01356_v1.png;CLM01356_v2.png
CLM01241,train,Valid,CLM01241_v1.png;CLM01241_v2.png
CLM01265,train,Valid,CLM01265_v1.png;CLM01265_v2.png
CLM01119,train,ManualReview,CLM01119_v1.png;CLM01119_v2.png
CLM00456,train,Valid,CLM00456_v1.png;CLM00456_v2.png
CLM00235,train,ManualReview,CLM00235_v1.png;CLM00235_v2.png
CLM01458,train,Valid,CLM01458_v1.png;CLM01458_v2.png
CLM00644,train,Invalid,CLM00644_v1.png;CLM00644_v2.png
CLM01181,train,ManualReview,CLM01181_v1.png;CLM01181_v2.png
CLM01271,train,Valid,CLM01271_v1.png;CLM01271_v2.png
CLM00108,train,Invalid,CLM00108_v1.png;CLM00108_v2.png
CLM01258,train,Valid,CLM01258_v1.png;CLM01258_v2.png
CLM01173,train,ManualReview,CLM01173_v1.png;CLM01173_v2.png
CLM00244,train,Invalid,CLM00244_v1.png;CLM00244_v2.png
CLM00333,train,Valid,CLM00333_v1.png;CLM00333_v2.png
CLM01424,train,Valid,CLM01424_v1.png;CLM01424_v2.png
CLM01479,train,Valid,CLM01479_v1.png;CLM01479_v2.png
CLM00298,train,ManualReview,CLM00298_v1.png;CLM00298_v2.png
CLM00705,train,Invalid,CLM00705_v1.png;CLM00705_v2.png
CLM00562,train,Invalid,CLM00562_v1.png;CLM00562_v2.png
CLM00871,train,ManualReview,CLM00871_v1.png;CLM00871_v2.png
CLM01023,train,Valid,CLM01023_v1.png;CLM01023_v2.png
CLM00885,train,Valid,CLM00885_v1.png;CLM00885_v2.png
CLM00759,train,Valid,CLM00759_v1.png;CLM00759_v2.png
CLM00193,train,Invalid,CLM00193_v1.png;CLM00193_v2.png
CLM00908,train,Invalid,CLM00908_v1.png;CLM00908_v2.png
CLM00121,train,ManualReview,CLM00121_v1.png;CLM00121_v2.png
CLM00954,train,ManualReview,CLM00954_v1.png;CLM00954_v2.png
CLM00850,train,Invalid,CLM00850_v1.png;CLM00850_v2.png
CLM00421,train,ManualReview,CLM00421_v1.png;CLM00421_v2.png
CLM00536,train,ManualReview,CLM00536_v1.png;CLM00536_v2.png
CLM00113,train,Valid,CLM00113_v1.png;CLM00113_v2.png
CLM00240,train,ManualReview,CLM00240_v1.png;CLM00240_v2.png
CLM00129,train,ManualReview,CLM00129_v1.png;CLM00129_v2.png
CLM00548,train,Invalid,CLM00548_v1.png;CLM00548_v2.png
CLM00418,train,ManualReview,CLM00418_v1.png;CLM00418_v2.png
CLM00301,train,ManualReview,CLM00301_v1.png;CLM00301_v2.png
CLM00355,train,ManualReview,CLM00355_v1.png;CLM00355_v2.png
CLM00243,train,ManualReview,CLM00243_v1.png;CLM00243_v2.png
CLM01144,train,ManualReview,CLM01144_v1.png;CLM01144_v2.png
CLM01382,train,Valid,CLM01382_v1.png;CLM01382_v2.png
CLM00039,train,Valid,CLM00039_v1.png;CLM00039_v2.png
CLM00222,train,Invalid,CLM00222_v1.png;CLM00222_v2.png
CLM00651,train,Invalid,CLM00651_v1.png;CLM00651_v2.png
CLM00104,train,Valid,CLM00104_v1.png;CLM00104_v2.png
CLM00267,train,Valid,CLM00267_v1.png;CLM00267_v2.png
CLM01376,train,Valid,CLM01376_v1.png;CLM01376_v2.png
CLM01411,train,Valid,CLM01411_v1.png;CLM01411_v2.png
CLM01366,train,Valid,CLM01366_v1.png;CLM01366_v2.png
CLM01335,train,Valid,CLM01335_v1.png;CLM01335_v2.png
CLM00219,train,ManualReview,CLM00219_v1.png;CLM00219_v2.png
CLM01128,train,Valid,CLM01128_v1.png;CLM01128_v2.png
CLM01105,train,Invalid,CLM01105_v1.png;CLM01105_v2.png
CLM01288,train,Valid,CLM01288_v1.png;CLM01288_v2.png
CLM01402,train,Valid,CLM01402_v1.png;CLM01402_v2.png
CLM01264,train,Valid,CLM01264_v1.png;CLM01264_v2.png
CLM00117,train,ManualReview,CLM00117_v1.png;CLM00117_v2.png
CLM01425,train,Valid,CLM01425_v1.png;CLM01425_v2.png
CLM01061,train,Invalid,CLM01061_v1.png;CLM01061_v2.png
CLM00761,train,ManualReview,CLM00761_v1.png;CLM00761_v2.png
CLM01091,train,Invalid,CLM01091_v1.png;CLM01091_v2.png
CLM01069,train,Valid,CLM01069_v1.png;CLM01069_v2.png
CLM01226,train,Valid,CLM01226_v1.png;CLM01226_v2.png
CLM00344,train,Invalid,CLM00344_v1.png;CLM00344_v2.png
CLM01228,train,Valid,CLM01228_v1.png;CLM01228_v2.png
CLM00237,train,ManualReview,CLM00237_v1.png;CLM00237_v2.png
CLM00140,train,Invalid,CLM00140_v1.png;CLM00140_v2.png
CLM01112,train,Invalid,CLM01112_v1.png;CLM01112_v2.png
CLM01392,train,Valid,CLM01392_v1.png;CLM01392_v2.png
CLM01321,train,Valid,CLM01321_v1.png;CLM01321_v2.png
CLM01497,train,Valid,CLM01497_v1.png;CLM01497_v2.png
CLM00340,train,ManualReview,CLM00340_v1.png;CLM00340_v2.png
CLM00303,train,ManualReview,CLM00303_v1.png;CLM00303_v2.png
CLM00266,train,Invalid,CLM00266_v1.png;CLM00266_v2.png
CLM01141,train,Valid,CLM01141_v1.png;CLM01141_v2.png
CLM00836,train,ManualReview,CLM00836_v1.png;CLM00836_v2.png
CLM01043,train,Invalid,CLM01043_v1.png;CLM01043_v2.png
CLM01138,train,ManualReview,CLM01138_v1.png;CLM01138_v2.png
CLM00889,train,Valid,CLM00889_v1.png;CLM00889_v2.png
CLM00044,train,Valid,CLM00044_v1.png;CLM00044_v2.png
CLM00687,train,Invalid,CLM00687_v1.png;CLM00687_v2.png
CLM01045,train,Invalid,CLM01045_v1.png;CLM01045_v2.png
CLM01039,train,Invalid,CLM01039_v1.png;CLM01039_v2.png
CLM00206,train,Invalid,CLM00206_v1.png;CLM00206_v2.png
CLM00396,train,ManualReview,CLM00396_v1.png;CLM00396_v2.png
CLM01329,train,Valid,CLM01329_v1.png;CLM01329_v2.png
CLM01009,train,Invalid,CLM01009_v1.png;CLM01009_v2.png
CLM00289,train,ManualReview,CLM00289_v1.png;CLM00289_v2.png
CLM00707,train,ManualReview,CLM00707_v1.png;CLM00707_v2.png
CLM01047,train,Invalid,CLM01047_v1.png;CLM01047_v2.png
CLM01220,train,ManualReview,CLM01220_v1.png;CLM01220_v2.png
CLM00001,train,Valid,CLM00001_v1.png;CLM00001_v2.png
CLM00431,train,ManualReview,CLM00431_v1.png;CLM00431_v2.png
CLM01231,train,Valid,CLM01231_v1.png;CLM01231_v2.png
CLM01435,train,Valid,CLM01435_v1.png;CLM01435_v2.png
CLM00534,train,ManualReview,CLM00534_v1.png;CLM00534_v2.png
CLM00458,train,Invalid,CLM00458_v1.png;CLM00458_v2.png
CLM00350,train,ManualReview,CLM00350_v1.png;CLM00350_v2.png
CLM01000,train,ManualReview,CLM01000_v1.png;CLM01000_v2.png
CLM00063,train,Invalid,CLM00063_v1.png;CLM00063_v2.png
CLM01207,train,ManualReview,CLM01207_v1.png;CLM01207_v2.png
CLM01420,train,Valid,CLM01420_v1.png;CLM01420_v2.png
CLM00356,train,Valid,CLM00356_v1.png;CLM00356_v2.png
CLM00898,train,ManualReview,CLM00898_v1.png;CLM00898_v2.png
CLM01076,train,ManualReview,CLM01076_v1.png;CLM01076_v2.png
CLM01028,train,ManualReview,CLM01028_v1.png;CLM01028_v2.png
CLM00024,train,ManualReview,CLM00024_v1.png;CLM00024_v2.png
CLM01328,train,Valid,CLM01328_v1.png;CLM01328_v2.png
CLM00781,train,Invalid,CLM00781_v1.png;CLM00781_v2.png
CLM00234,train,ManualReview,CLM00234_v1.png;CLM00234_v2.png
CLM01470,train,Valid,CLM01470_v1.png;CLM01470_v2.png
CLM01341,train,Valid,CLM01341_v1.png;CLM01341_v2.png
CLM01018,train,ManualReview,CLM01018_v1.png;CLM01018_v2.png
CLM00717,train,Valid,CLM00717_v1.png;CLM00717_v2.png
CLM00996,train,Invalid,CLM00996_v1.png;CLM00996_v2.png
CLM01081,train,ManualReview,CLM01081_v1.png;CLM01081_v2.png
CLM01041,train,Invalid,CLM01041_v1.png;CLM01041_v2.png
CLM00441,train,Invalid,CLM00441_v1.png;CLM00441_v2.png
CLM00264,train,ManualReview,CLM00264_v1.png;CLM00264_v2.png
CLM00275,train,ManualReview,CLM00275_v1.png;CLM00275_v2.png
CLM00419,train,Valid,CLM00419_v1.png;CLM00419_v2.png
CLM01239,train,Valid,CLM01239_v1.png;CLM01239_v2.png
CLM00712,train,Valid,CLM00712_v1.png;CLM00712_v2.png
CLM00061,train,Valid,CLM00061_v1.png;CLM00061_v2.png
CLM00578,train,Invalid,CLM00578_v1.png;CLM00578_v2.png
CLM00957,train,ManualReview,CLM00957_v1.png;CLM00957_v2.png
CLM01358,train,Valid,CLM01358_v1.png;CLM01358_v2.png
CLM01465,train,Valid,CLM01465_v1.png;CLM01465_v2.png
CLM00463,train,ManualReview,CLM00463_v1.png;CLM00463_v2.png
CLM00900,train,ManualReview,CLM00900_v1.png;CLM00900_v2.png
CLM00757,train,ManualReview,CLM00757_v1.png;CLM00757_v2.png
CLM01266,train,Valid,CLM01266_v1.png;CLM01266_v2.png
CLM00164,train,ManualReview,CLM00164_v1.png;CLM00164_v2.png
CLM00152,train,ManualReview,CLM00152_v1.png;CLM00152_v2.png
CLM00507,train,Invalid,CLM00507_v1.png;CLM00507_v2.png
CLM00989,train,Valid,CLM00989_v1.png;CLM00989_v2.png
CLM01305,train,Valid,CLM01305_v1.png;CLM01305_v2.png
CLM00424,train,ManualReview,CLM00424_v1.png;CLM00424_v2.png
CLM00468,train,ManualReview,CLM00468_v1.png;CLM00468_v2.png
CLM00926,train,Invalid,CLM00926_v1.png;CLM00926_v2.png
CLM01002,train,ManualReview,CLM01002_v1.png;CLM01002_v2.png
CLM01291,train,Valid,CLM01291_v1.png;CLM01291_v2.png
CLM00051,train,Valid,CLM00051_v1.png;CLM00051_v2.png
CLM00281,train,Valid,CLM00281_v1.png;CLM00281_v2.png
CLM00454,train,Valid,CLM00454_v1.png;CLM00454_v2.png
CLM00899,train,Valid,CLM00899_v1.png;CLM00899_v2.png
CLM00080,train,Invalid,CLM00080_v1.png;CLM00080_v2.png
CLM01094,train,ManualReview,CLM01094_v1.png;CLM01094_v2.png
CLM01082,train,ManualReview,CLM01082_v1.png;CLM01082_v2.png
CLM00452,train,Valid,CLM00452_v1.png;CLM00452_v2.png
CLM00895,train,ManualReview,CLM00895_v1.png;CLM00895_v2.png
CLM00995,train,ManualReview,CLM00995_v1.png;CLM00995_v2.png
CLM00668,train,Invalid,CLM00668_v1.png;CLM00668_v2.png
CLM00741,train,Invalid,CLM00741_v1.png;CLM00741_v2.png
CLM01500,train,Valid,CLM01500_v1.png;CLM01500_v2.png
CLM00475,train,Invalid,CLM00475_v1.png;CLM00475_v2.png
CLM01026,train,ManualReview,CLM01026_v1.png;CLM01026_v2.png
CLM00981,train,ManualReview,CLM00981_v1.png;CLM00981_v2.png
CLM01398,train,Valid,CLM01398_v1.png;CLM01398_v2.png
CLM00948,train,Valid,CLM00948_v1.png;CLM00948_v2.png
CLM01485,train,Valid,CLM01485_v1.png;CLM01485_v2.png
CLM01245,train,Valid,CLM01245_v1.png;CLM01245_v2.png
CLM01046,train,Invalid,CLM01046_v1.png;CLM01046_v2.png
CLM00604,train,Invalid,CLM00604_v1.png;CLM00604_v2.png
CLM00450,train,ManualReview,CLM00450_v1.png;CLM00450_v2.png
CLM01412,train,Valid,CLM01412_v1.png;CLM01412_v2.png
CLM01219,train,ManualReview,CLM01219_v1.png;CLM01219_v2.png
CLM01272,train,Valid,CLM01272_v1.png;CLM01272_v2.png
CLM00522,train,Invalid,CLM00522_v1.png;CLM00522_v2.png
CLM00125,train,Invalid,CLM00125_v1.png;CLM00125_v2.png
CLM00046,train,ManualReview,CLM00046_v1.png;CLM00046_v2.png
CLM00613,train,Invalid,CLM00613_v1.png;CLM00613_v2.png
CLM00731,train,ManualReview,CLM00731_v1.png;CLM00731_v2.png
CLM01415,train,Valid,CLM01415_v1.png;CLM01415_v2.png
CLM00594,train,ManualReview,CLM00594_v1.png;CLM00594_v2.png
CLM01298,train,Valid,CLM01298_v1.png;CLM01298_v2.png
CLM01374,train,Valid,CLM01374_v1.png;CLM01374_v2.png
CLM01336,train,Valid,CLM01336_v1.png;CLM01336_v2.png
CLM00526,train,ManualReview,CLM00526_v1.png;CLM00526_v2.png
CLM01446,train,Valid,CLM01446_v1.png;CLM01446_v2.png
CLM01103,train,ManualReview,CLM01103_v1.png;CLM01103_v2.png
CLM00069,train,Invalid,CLM00069_v1.png;CLM00069_v2.png
CLM00585,train,Valid,CLM00585_v1.png;CLM00585_v2.png
CLM01430,train,Valid,CLM01430_v1.png;CLM01430_v2.png
CLM00630,train,ManualReview,CLM00630_v1.png;CLM00630_v2.png
CLM00160,train,Invalid,CLM00160_v1.png;CLM00160_v2.png
CLM01322,train,Valid,CLM01322_v1.png;CLM01322_v2.png
CLM00105,train,Invalid,CLM00105_v1.png;CLM00105_v2.png
CLM00307,train,ManualReview,CLM00307_v1.png;CLM00307_v2.png
CLM00771,train,Invalid,CLM00771_v1.png;CLM00771_v2.png
CLM01390,train,Valid,CLM01390_v1.png;CLM01390_v2.png
CLM01292,train,Valid,CLM01292_v1.png;CLM01292_v2.png
CLM01056,train,Valid,CLM01056_v1.png;CLM01056_v2.png
CLM01482,train,Valid,CLM01482_v1.png;CLM01482_v2.png
CLM01364,train,Valid,CLM01364_v1.png;CLM01364_v2.png
CLM00353,train,Valid,CLM00353_v1.png;CLM00353_v2.png
CLM00428,train,ManualReview,CLM00428_v1.png;CLM00428_v2.png
CLM01188,train,ManualReview,CLM01188_v1.png;CLM01188_v2.png
CLM00901,train,Valid,CLM00901_v1.png;CLM00901_v2.png
CLM01413,train,Valid,CLM01413_v1.png;CLM01413_v2.png
CLM00826,train,ManualReview,CLM00826_v1.png;CLM00826_v2.png
CLM00473,train,ManualReview,CLM00473_v1.png;CLM00473_v2.png
CLM00620,train,Valid,CLM00620_v1.png;CLM00620_v2.png
CLM00783,train,Invalid,CLM00783_v1.png;CLM00783_v2.png
CLM00902,train,Invalid,CLM00902_v1.png;CLM00902_v2.png
CLM00295,train,Valid,CLM00295_v1.png;CLM00295_v2.png
CLM00719,train,Invalid,CLM00719_v1.png;CLM00719_v2.png
CLM00823,train,Invalid,CLM00823_v1.png;CLM00823_v2.png
CLM00173,train,Invalid,CLM00173_v1.png;CLM00173_v2.png
CLM01036,train,Invalid,CLM01036_v1.png;CLM01036_v2.png
CLM01236,train,Valid,CLM01236_v1.png;CLM01236_v2.png
CLM01395,train,Valid,CLM01395_v1.png;CLM01395_v2.png
CLM01020,train,Valid,CLM01020_v1.png;CLM01020_v2.png
CLM00455,train,Invalid,CLM00455_v1.png;CLM00455_v2.png
CLM00215,train,Invalid,CLM00215_v1.png;CLM00215_v2.png
CLM00085,train,ManualReview,CLM00085_v1.png;CLM00085_v2.png
CLM00017,train,ManualReview,CLM00017_v1.png;CLM00017_v2.png
CLM01375,train,Valid,CLM01375_v1.png;CLM01375_v2.png
CLM00120,train,Invalid,CLM00120_v1.png;CLM00120_v2.png
CLM00835,train,ManualReview,CLM00835_v1.png;CLM00835_v2.png
CLM00805,train,Invalid,CLM00805_v1.png;CLM00805_v2.png
CLM00187,train,ManualReview,CLM00187_v1.png;CLM00187_v2.png
CLM00769,train,ManualReview,CLM00769_v1.png;CLM00769_v2.png
CLM00928,train,ManualReview,CLM00928_v1.png;CLM00928_v2.png
CLM01280,train,Valid,CLM01280_v1.png;CLM01280_v2.png
CLM01001,train,Valid,CLM01001_v1.png;CLM01001_v2.png
CLM01283,train,Valid,CLM01283_v1.png;CLM01283_v2.png
CLM00647,train,Invalid,CLM00647_v1.png;CLM00647_v2.png
CLM00122,train,ManualReview,CLM00122_v1.png;CLM00122_v2.png
CLM01237,train,Valid,CLM01237_v1.png;CLM01237_v2.png
CLM00482,train,ManualReview,CLM00482_v1.png;CLM00482_v2.png
CLM00683,train,Valid,CLM00683_v1.png;CLM00683_v2.png
CLM00255,train,ManualReview,CLM00255_v1.png;CLM00255_v2.png
CLM00291,train,Valid,CLM00291_v1.png;CLM00291_v2.png
CLM00816,train,Valid,CLM00816_v1.png;CLM00816_v2.png
CLM01290,train,Valid,CLM01290_v1.png;CLM01290_v2.png
CLM00366,train,Invalid,CLM00366_v1.png;CLM00366_v2.png
CLM00124,train,Invalid,CLM00124_v1.png;CLM00124_v2.png
CLM00012,train,ManualReview,CLM00012_v1.png;CLM00012_v2.png
CLM00148,train,Invalid,CLM00148_v1.png;CLM00148_v2.png
CLM01401,train,Valid,CLM01401_v1.png;CLM01401_v2.png
CLM00175,train,ManualReview,CLM00175_v1.png;CLM00175_v2.png
CLM00628,train,Invalid,CLM00628_v1.png;CLM00628_v2.png
CLM01261,train,Valid,CLM01261_v1.png;CLM01261_v2.png
CLM00435,train,Valid,CLM00435_v1.png;CLM00435_v2.png
CLM00135,train,Invalid,CLM00135_v1.png;CLM00135_v2.png
CLM00936,train,Invalid,CLM00936_v1.png;CLM00936_v2.png
CLM00186,train,Invalid,CLM00186_v1.png;CLM00186_v2.png
CLM00846,train,ManualReview,CLM00846_v1.png;CLM00846_v2.png
CLM00817,train,ManualReview,CLM00817_v1.png;CLM00817_v2.png
CLM01467,train,Valid,CLM01467_v1.png;CLM01467_v2.png
CLM01254,train,Valid,CLM01254_v1.png;CLM01254_v2.png
CLM00411,train,Valid,CLM00411_v1.png;CLM00411_v2.png
CLM00904,train,Invalid,CLM00904_v1.png;CLM00904_v2.png
CLM00597,train,ManualReview,CLM00597_v1.png;CLM00597_v2.png
CLM00792,train,Invalid,CLM00792_v1.png;CLM00792_v2.png
CLM00163,train,ManualReview,CLM00163_v1.png;CLM00163_v2.png
CLM01472,train,Valid,CLM01472_v1.png;CLM01472_v2.png
CLM00708,train,ManualReview,CLM00708_v1.png;CLM00708_v2.png
CLM01017,train,Invalid,CLM01017_v1.png;CLM01017_v2.png
CLM00287,train,Invalid,CLM00287_v1.png;CLM00287_v2.png
CLM00704,train,ManualReview,CLM00704_v1.png;CLM00704_v2.png
CLM00290,train,ManualReview,CLM00290_v1.png;CLM00290_v2.png
CLM00066,train,ManualReview,CLM00066_v1.png;CLM00066_v2.png
CLM00938,train,ManualReview,CLM00938_v1.png;CLM00938_v2.png
CLM00362,train,Invalid,CLM00362_v1.png;CLM00362_v2.png
CLM00883,train,ManualReview,CLM00883_v1.png;CLM00883_v2.png
CLM00256,train,ManualReview,CLM00256_v1.png;CLM00256_v2.png
CLM00309,train,Invalid,CLM00309_v1.png;CLM00309_v2.png
CLM00903,train,Invalid,CLM00903_v1.png;CLM00903_v2.png
CLM00136,train,Invalid,CLM00136_v1.png;CLM00136_v2.png
CLM01031,train,ManualReview,CLM01031_v1.png;CLM01031_v2.png
CLM00854,train,Invalid,CLM00854_v1.png;CLM00854_v2.png
CLM00095,train,Invalid,CLM00095_v1.png;CLM00095_v2.png
CLM00710,train,ManualReview,CLM00710_v1.png;CLM00710_v2.png
CLM00476,train,ManualReview,CLM00476_v1.png;CLM00476_v2.png
CLM01269,train,Valid,CLM01269_v1.png;CLM01269_v2.png
CLM00730,train,ManualReview,CLM00730_v1.png;CLM00730_v2.png
CLM00097,train,Invalid,CLM00097_v1.png;CLM00097_v2.png
CLM00220,train,Invalid,CLM00220_v1.png;CLM00220_v2.png
CLM01391,train,Valid,CLM01391_v1.png;CLM01391_v2.png
CLM00133,train,Invalid,CLM00133_v1.png;CLM00133_v2.png
CLM00678,train,ManualReview,CLM00678_v1.png;CLM00678_v2.png
CLM01474,train,Valid,CLM01474_v1.png;CLM01474_v2.png
CLM00830,train,ManualReview,CLM00830_v1.png;CLM00830_v2.png
CLM01170,train,ManualReview,CLM01170_v1.png;CLM01170_v2.png
CLM01177,train,ManualReview,CLM01177_v1.png;CLM01177_v2.png
CLM00758,train,Invalid,CLM00758_v1.png;CLM00758_v2.png
CLM00749,train,Valid,CLM00749_v1.png;CLM00749_v2.png
CLM01096,train,Invalid,CLM01096_v1.png;CLM01096_v2.png
CLM00606,train,Invalid,CLM00606_v1.png;CLM00606_v2.png
CLM00088,train,ManualReview,CLM00088_v1.png;CLM00088_v2.png
CLM00270,train,Invalid,CLM00270_v1.png;CLM00270_v2.png
CLM01319,train,Valid,CLM01319_v1.png;CLM01319_v2.png
CLM00859,train,ManualReview,CLM00859_v1.png;CLM00859_v2.png
CLM00576,train,ManualReview,CLM00576_v1.png;CLM00576_v2.png
CLM00488,train,Invalid,CLM00488_v1.png;CLM00488_v2.png
CLM01224,train,ManualReview,CLM01224_v1.png;CLM01224_v2.png
CLM00194,train,ManualReview,CLM00194_v1.png;CLM00194_v2.png
CLM00273,train,ManualReview,CLM00273_v1.png;CLM00273_v2.png
CLM00221,train,Invalid,CLM00221_v1.png;CLM00221_v2.png
CLM00331,train,ManualReview,CLM00331_v1.png;CLM00331_v2.png
CLM00257,train,Invalid,CLM00257_v1.png;CLM00257_v2.png
CLM00531,train,Invalid,CLM00531_v1.png;CLM00531_v2.png
CLM00866,train,Invalid,CLM00866_v1.png;CLM00866_v2.png
CLM01251,train,Valid,CLM01251_v1.png;CLM01251_v2.png
CLM00429,train,ManualReview,CLM00429_v1.png;CLM00429_v2.png
CLM01152,train,ManualReview,CLM01152_v1.png;CLM01152_v2.png
CLM00409,train,Invalid,CLM00409_v1.png;CLM00409_v2.png
CLM01040,train,ManualReview,CLM01040_v1.png;CLM01040_v2.png
CLM00348,train,Valid,CLM00348_v1.png;CLM00348_v2.png
CLM01101,train,ManualReview,CLM01101_v1.png;CLM01101_v2.png
CLM01197,train,Valid,CLM01197_v1.png;CLM01197_v2.png
CLM00436,train,Invalid,CLM00436_v1.png;CLM00436_v2.png
CLM00153,train,Invalid,CLM00153_v1.png;CLM00153_v2.png
CLM01286,train,Valid,CLM01286_v1.png;CLM01286_v2.png
CLM00940,train,Invalid,CLM00940_v1.png;CLM00940_v2.png
CLM01431,train,Valid,CLM01431_v1.png;CLM01431_v2.png
CLM00188,train,ManualReview,CLM00188_v1.png;CLM00188_v2.png
CLM01285,train,Valid,CLM01285_v1.png;CLM01285_v2.png
CLM01393,train,Valid,CLM01393_v1.png;CLM01393_v2.png
CLM01010,train,Invalid,CLM01010_v1.png;CLM01010_v2.png
CLM01333,train,Valid,CLM01333_v1.png;CLM01333_v2.png
CLM00827,train,Invalid,CLM00827_v1.png;CLM00827_v2.png
CLM00804,train,Invalid,CLM00804_v1.png;CLM00804_v2.png
CLM00892,train,ManualReview,CLM00892_v1.png;CLM00892_v2.png
CLM00733,train,ManualReview,CLM00733_v1.png;CLM00733_v2.png
CLM01295,train,Valid,CLM01295_v1.png;CLM01295_v2.png
CLM00587,train,Invalid,CLM00587_v1.png;CLM00587_v2.png
CLM00079,train,Invalid,CLM00079_v1.png;CLM00079_v2.png
CLM00736,train,Valid,CLM00736_v1.png;CLM00736_v2.png
CLM00675,train,Invalid,CLM00675_v1.png;CLM00675_v2.png
CLM00022,train,ManualReview,CLM00022_v1.png;CLM00022_v2.png
CLM00073,train,Invalid,CLM00073_v1.png;CLM00073_v2.png
CLM00459,train,Invalid,CLM00459_v1.png;CLM00459_v2.png
CLM00584,train,Invalid,CLM00584_v1.png;CLM00584_v2.png
CLM01489,train,Valid,CLM01489_v1.png;CLM01489_v2.png
CLM01421,train,Valid,CLM01421_v1.png;CLM01421_v2.png
CLM01147,train,Valid,CLM01147_v1.png;CLM01147_v2.png
CLM00329,train,ManualReview,CLM00329_v1.png;CLM00329_v2.png
CLM00797,train,ManualReview,CLM00797_v1.png;CLM00797_v2.png
CLM00963,train,Invalid,CLM00963_v1.png;CLM00963_v2.png
CLM00011,train,Valid,CLM00011_v1.png;CLM00011_v2.png
CLM01354,train,Valid,CLM01354_v1.png;CLM01354_v2.png
CLM01400,train,Valid,CLM01400_v1.png;CLM01400_v2.png
CLM00434,train,Valid,CLM00434_v1.png;CLM00434_v2.png
CLM01008,train,ManualReview,CLM01008_v1.png;CLM01008_v2.png
CLM01205,train,ManualReview,CLM01205_v1.png;CLM01205_v2.png
CLM01132,train,Valid,CLM01132_v1.png;CLM01132_v2.png
CLM00867,train,ManualReview,CLM00867_v1.png;CLM00867_v2.png
CLM00369,train,ManualReview,CLM00369_v1.png;CLM00369_v2.png
CLM01340,train,Valid,CLM01340_v1.png;CLM01340_v2.png
CLM01383,train,Valid,CLM01383_v1.png;CLM01383_v2.png
CLM00132,train,Invalid,CLM00132_v1.png;CLM00132_v2.png
CLM00276,train,ManualReview,CLM00276_v1.png;CLM00276_v2.png
CLM01327,train,Valid,CLM01327_v1.png;CLM01327_v2.png
CLM01347,train,Valid,CLM01347_v1.png;CLM01347_v2.png
CLM01477,train,Valid,CLM01477_v1.png;CLM01477_v2.png
CLM01459,train,Valid,CLM01459_v1.png;CLM01459_v2.png
CLM01062,train,Valid,CLM01062_v1.png;CLM01062_v2.png
CLM00568,train,Invalid,CLM00568_v1.png;CLM00568_v2.png
CLM01387,train,Valid,CLM01387_v1.png;CLM01387_v2.png
CLM00825,train,Valid,CLM00825_v1.png;CLM00825_v2.png
CLM01448,train,Valid,CLM01448_v1.png;CLM01448_v2.png
CLM00622,train,Invalid,CLM00622_v1.png;CLM00622_v2.png
CLM01379,train,Valid,CLM01379_v1.png;CLM01379_v2.png
CLM00146,train,Valid,CLM00146_v1.png;CLM00146_v2.png
CLM00572,train,ManualReview,CLM00572_v1.png;CLM00572_v2.png
CLM00183,train,Invalid,CLM00183_v1.png;CLM00183_v2.png
CLM01434,train,Valid,CLM01434_v1.png;CLM01434_v2.png
CLM00795,train,Valid,CLM00795_v1.png;CLM00795_v2.png
CLM00432,train,ManualReview,CLM00432_v1.png;CLM00432_v2.png
CLM00682,train,Valid,CLM00682_v1.png;CLM00682_v2.png
CLM01214,train,ManualReview,CLM01214_v1.png;CLM01214_v2.png
CLM00041,train,Invalid,CLM00041_v1.png;CLM00041_v2.png
CLM00377,train,Invalid,CLM00377_v1.png;CLM00377_v2.png
CLM01073,train,Invalid,CLM01073_v1.png;CLM01073_v2.png
CLM01445,train,Valid,CLM01445_v1.png;CLM01445_v2.png
CLM01074,train,ManualReview,CLM01074_v1.png;CLM01074_v2.png
CLM01423,train,Valid,CLM01423_v1.png;CLM01423_v2.png
CLM01499,train,Valid,CLM01499_v1.png;CLM01499_v2.png
CLM00858,train,ManualReview,CLM00858_v1.png;CLM00858_v2.png
CLM01213,train,ManualReview,CLM01213_v1.png;CLM01213_v2.png
CLM00535,train,Valid,CLM00535_v1.png;CLM00535_v2.png
CLM01079,train,Invalid,CLM01079_v1.png;CLM01079_v2.png
CLM01405,train,Valid,CLM01405_v1.png;CLM01405_v2.png
CLM01426,train,Valid,CLM01426_v1.png;CLM01426_v2.png
CLM00052,train,Invalid,CLM00052_v1.png;CLM00052_v2.png
CLM00379,train,Invalid,CLM00379_v1.png;CLM00379_v2.png
CLM00293,train,Invalid,CLM00293_v1.png;CLM00293_v2.png
CLM00451,train,Valid,CLM00451_v1.png;CLM00451_v2.png
CLM01189,train,ManualReview,CLM01189_v1.png;CLM01189_v2.png
CLM00478,train,ManualReview,CLM00478_v1.png;CLM00478_v2.png
CLM01059,train,ManualReview,CLM01059_v1.png;CLM01059_v2.png
CLM00839,train,Valid,CLM00839_v1.png;CLM00839_v2.png
CLM00888,train,ManualReview,CLM00888_v1.png;CLM00888_v2.png
CLM00500,train,Invalid,CLM00500_v1.png;CLM00500_v2.png
CLM00403,train,ManualReview,CLM00403_v1.png;CLM00403_v2.png
CLM01080,train,ManualReview,CLM01080_v1.png;CLM01080_v2.png
CLM00592,train,ManualReview,CLM00592_v1.png;CLM00592_v2.png
CLM01324,train,Valid,CLM01324_v1.png;CLM01324_v2.png
CLM00157,train,ManualReview,CLM00157_v1.png;CLM00157_v2.png
CLM00521,train,Valid,CLM00521_v1.png;CLM00521_v2.png
CLM01075,train,Invalid,CLM01075_v1.png;CLM01075_v2.png
CLM01070,train,Invalid,CLM01070_v1.png;CLM01070_v2.png
CLM00670,train,Invalid,CLM00670_v1.png;CLM00670_v2.png
CLM00920,train,ManualReview,CLM00920_v1.png;CLM00920_v2.png
CLM01262,train,Valid,CLM01262_v1.png;CLM01262_v2.png
CLM00645,train,Valid,CLM00645_v1.png;CLM00645_v2.png
CLM00038,train,Invalid,CLM00038_v1.png;CLM00038_v2.png
CLM00755,train,ManualReview,CLM00755_v1.png;CLM00755_v2.png
CLM00580,train,Invalid,CLM00580_v1.png;CLM00580_v2.png
CLM00856,train,ManualReview,CLM00856_v1.png;CLM00856_v2.png
CLM01270,train,Valid,CLM01270_v1.png;CLM01270_v2.png
CLM01206,train,ManualReview,CLM01206_v1.png;CLM01206_v2.png
CLM00663,train,Invalid,CLM00663_v1.png;CLM00663_v2.png
CLM00547,train,ManualReview,CLM00547_v1.png;CLM00547_v2.png
CLM00863,train,Invalid,CLM00863_v1.png;CLM00863_v2.png
CLM01422,train,Valid,CLM01422_v1.png;CLM01422_v2.png
CLM00709,train,ManualReview,CLM00709_v1.png;CLM00709_v2.png
CLM00067,train,ManualReview,CLM00067_v1.png;CLM00067_v2.png
CLM01024,train,Invalid,CLM01024_v1.png;CLM01024_v2.png
CLM00496,train,Valid,CLM00496_v1.png;CLM00496_v2.png
CLM01203,train,Valid,CLM01203_v1.png;CLM01203_v2.png
CLM01191,train,ManualReview,CLM01191_v1.png;CLM01191_v2.png
CLM00075,train,ManualReview,CLM00075_v1.png;CLM00075_v2.png
CLM01131,train,ManualReview,CLM01131_v1.png;CLM01131_v2.png
CLM01065,train,Valid,CLM01065_v1.png;CLM01065_v2.png
CLM01116,train,Valid,CLM01116_v1.png;CLM01116_v2.png
CLM01150,train,ManualReview,CLM01150_v1.png;CLM01150_v2.png
CLM00751,train,Invalid,CLM00751_v1.png;CLM00751_v2.png
CLM01263,train,Valid,CLM01263_v1.png;CLM01263_v2.png
CLM00278,train,Valid,CLM00278_v1.png;CLM00278_v2.png
CLM01469,train,Valid,CLM01469_v1.png;CLM01469_v2.png
CLM00914,train,ManualReview,CLM00914_v1.png;CLM00914_v2.png
CLM00320,train,ManualReview,CLM00320_v1.png;CLM00320_v2.png
CLM01299,train,Valid,CLM01299_v1.png;CLM01299_v2.png
CLM00608,train,Invalid,CLM00608_v1.png;CLM00608_v2.png
CLM00714,train,ManualReview,CLM00714_v1.png;CLM00714_v2.png
CLM00083,train,Invalid,CLM00083_v1.png;CLM00083_v2.png
CLM00754,train,Invalid,CLM00754_v1.png;CLM00754_v2.png
CLM00909,train,Valid,CLM00909_v1.png;CLM00909_v2.png
CLM01088,train,ManualReview,CLM01088_v1.png;CLM01088_v2.png
CLM00304,train,ManualReview,CLM00304_v1.png;CLM00304_v2.png
CLM00306,train,ManualReview,CLM00306_v1.png;CLM00306_v2.png
CLM00921,train,ManualReview,CLM00921_v1.png;CLM00921_v2.png
CLM00106,train,ManualReview,CLM00106_v1.png;CLM00106_v2.png
CLM00035,train,Invalid,CLM00035_v1.png;CLM00035_v2.png
CLM00924,train,Invalid,CLM00924_v1.png;CLM00924_v2.png
CLM00505,train,Invalid,CLM00505_v1.png;CLM00505_v2.png
CLM01156,train,ManualReview,CLM01156_v1.png;CLM01156_v2.png
CLM01122,train,Valid,CLM01122_v1.png;CLM01122_v2.png
CLM00664,train,Invalid,CLM00664_v1.png;CLM00664_v2.png
CLM01198,train,ManualReview,CLM01198_v1.png;CLM01198_v2.png
CLM00334,train,ManualReview,CLM00334_v1.png;CLM00334_v2.png
CLM00373,train,Invalid,CLM00373_v1.png;CLM00373_v2.png
CLM00640,train,ManualReview,CLM00640_v1.png;CLM00640_v2.png
CLM00378,train,ManualReview,CLM00378_v1.png;CLM00378_v2.png
CLM00676,train,ManualReview,CLM00676_v1.png;CLM00676_v2.png
CLM00686,train,Invalid,CLM00686_v1.png;CLM00686_v2.png
CLM00072,train,Invalid,CLM00072_v1.png;CLM00072_v2.png
CLM00853,train,ManualReview,CLM00853_v1.png;CLM00853_v2.png
CLM00763,train,Valid,CLM00763_v1.png;CLM00763_v2.png
CLM00141,train,Invalid,CLM00141_v1.png;CLM00141_v2.png
CLM00952,train,ManualReview,CLM00952_v1.png;CLM00952_v2.png
CLM01350,train,Valid,CLM01350_v1.png;CLM01350_v2.png
CLM01494,train,Valid,CLM01494_v1.png;CLM01494_v2.png
CLM00815,train,Invalid,CLM00815_v1.png;CLM00815_v2.png
CLM00354,train,ManualReview,CLM00354_v1.png;CLM00354_v2.png
CLM00317,train,ManualReview,CLM00317_v1.png;CLM00317_v2.png
CLM00209,train,Invalid,CLM00209_v1.png;CLM00209_v2.png
CLM00229,train,Invalid,CLM00229_v1.png;CLM00229_v2.png
CLM00248,train,Invalid,CLM00248_v1.png;CLM00248_v2.png
CLM01491,train,Valid,CLM01491_v1.png;CLM01491_v2.png
CLM00762,train,Valid,CLM00762_v1.png;CLM00762_v2.png
CLM00896,train,Valid,CLM00896_v1.png;CLM00896_v2.png
CLM00939,train,ManualReview,CLM00939_v1.png;CLM00939_v2.png
CLM00126,train,ManualReview,CLM00126_v1.png;CLM00126_v2.png
CLM00589,train,ManualReview,CLM00589_v1.png;CLM00589_v2.png
CLM00982,train,Invalid,CLM00982_v1.png;CLM00982_v2.png
CLM00486,train,Invalid,CLM00486_v1.png;CLM00486_v2.png
CLM00100,train,Invalid,CLM00100_v1.png;CLM00100_v2.png
CLM01099,train,Invalid,CLM01099_v1.png;CLM01099_v2.png
CLM00376,train,ManualReview,CLM00376_v1.png;CLM00376_v2.png
CLM01202,train,Valid,CLM01202_v1.png;CLM01202_v2.png
CLM00292,train,ManualReview,CLM00292_v1.png;CLM00292_v2.png
CLM01016,train,Valid,CLM01016_v1.png;CLM01016_v2.png
CLM00383,train,Invalid,CLM00383_v1.png;CLM00383_v2.png
CLM00269,train,Valid,CLM00269_v1.png;CLM00269_v2.png
CLM00310,train,Invalid,CLM00310_v1.png;CLM00310_v2.png
CLM00274,train,ManualReview,CLM00274_v1.png;CLM00274_v2.png
CLM01196,train,ManualReview,CLM01196_v1.png;CLM01196_v2.png
CLM00615,train,ManualReview,CLM00615_v1.png;CLM00615_v2.png
CLM01066,train,ManualReview,CLM01066_v1.png;CLM01066_v2.png
CLM00776,train,Invalid,CLM00776_v1.png;CLM00776_v2.png
CLM00978,train,Invalid,CLM00978_v1.png;CLM00978_v2.png
CLM00598,train,ManualReview,CLM00598_v1.png;CLM00598_v2.png
CLM00370,train,ManualReview,CLM00370_v1.png;CLM00370_v2.png
CLM00047,train,Valid,CLM00047_v1.png;CLM00047_v2.png
CLM01161,train,Valid,CLM01161_v1.png;CLM01161_v2.png
CLM00118,train,ManualReview,CLM00118_v1.png;CLM00118_v2.png
CLM00697,train,ManualReview,CLM00697_v1.png;CLM00697_v2.png
CLM00020,train,Invalid,CLM00020_v1.png;CLM00020_v2.png
CLM00325,train,Invalid,CLM00325_v1.png;CLM00325_v2.png
CLM00593,train,Invalid,CLM00593_v1.png;CLM00593_v2.png
CLM00156,train,Invalid,CLM00156_v1.png;CLM00156_v2.png
CLM00420,train,Invalid,CLM00420_v1.png;CLM00420_v2.png
CLM01433,train,Valid,CLM01433_v1.png;CLM01433_v2.png
CLM01256,train,Valid,CLM01256_v1.png;CLM01256_v2.png
CLM00358,train,ManualReview,CLM00358_v1.png;CLM00358_v2.png
CLM01049,train,Invalid,CLM01049_v1.png;CLM01049_v2.png
CLM00399,train,ManualReview,CLM00399_v1.png;CLM00399_v2.png
CLM00502,train,Invalid,CLM00502_v1.png;CLM00502_v2.png
CLM01021,train,ManualReview,CLM01021_v1.png;CLM01021_v2.png
CLM00261,train,ManualReview,CLM00261_v1.png;CLM00261_v2.png
CLM01365,train,Valid,CLM01365_v1.png;CLM01365_v2.png
CLM01204,train,ManualReview,CLM01204_v1.png;CLM01204_v2.png
CLM01184,train,ManualReview,CLM01184_v1.png;CLM01184_v2.png
CLM00672,train,Invalid,CLM00672_v1.png;CLM00672_v2.png
CLM01338,train,Valid,CLM01338_v1.png;CLM01338_v2.png
CLM00884,train,Invalid,CLM00884_v1.png;CLM00884_v2.png
CLM00768,train,Invalid,CLM00768_v1.png;CLM00768_v2.png
CLM01248,train,Valid,CLM01248_v1.png;CLM01248_v2.png
CLM00891,train,ManualReview,CLM00891_v1.png;CLM00891_v2.png
CLM00185,train,Invalid,CLM00185_v1.png;CLM00185_v2.png
CLM00833,train,Invalid,CLM00833_v1.png;CLM00833_v2.png
CLM01149,train,ManualReview,CLM01149_v1.png;CLM01149_v2.png
CLM00748,train,ManualReview,CLM00748_v1.png;CLM00748_v2.png
CLM00025,train,Invalid,CLM00025_v1.png;CLM00025_v2.png
CLM01230,train,Valid,CLM01230_v1.png;CLM01230_v2.png
CLM00004,train,Invalid,CLM00004_v1.png;CLM00004_v2.png
CLM00115,train,Valid,CLM00115_v1.png;CLM00115_v2.png
CLM00145,train,ManualReview,CLM00145_v1.png;CLM00145_v2.png
CLM01146,train,ManualReview,CLM01146_v1.png;CLM01146_v2.png
CLM00974,train,Valid,CLM00974_v1.png;CLM00974_v2.png
CLM00934,train,Invalid,CLM00934_v1.png;CLM00934_v2.png
CLM01406,train,Valid,CLM01406_v1.png;CLM01406_v2.png
CLM01232,train,Valid,CLM01232_v1.png;CLM01232_v2.png
CLM00886,train,Invalid,CLM00886_v1.png;CLM00886_v2.png
CLM00440,train,Valid,CLM00440_v1.png;CLM00440_v2.png
CLM00154,train,Invalid,CLM00154_v1.png;CLM00154_v2.png
CLM00716,train,Invalid,CLM00716_v1.png;CLM00716_v2.png
CLM00150,train,Invalid,CLM00150_v1.png;CLM00150_v2.png
CLM00374,train,ManualReview,CLM00374_v1.png;CLM00374_v2.png
CLM00165,train,Invalid,CLM00165_v1.png;CLM00165_v2.png
CLM01003,train,Invalid,CLM01003_v1.png;CLM01003_v2.png
CLM01310,train,Valid,CLM01310_v1.png;CLM01310_v2.png
CLM00427,train,Invalid,CLM00427_v1.png;CLM00427_v2.png
CLM00560,train,Invalid,CLM00560_v1.png;CLM00560_v2.png
CLM01359,train,Valid,CLM01359_v1.png;CLM01359_v2.png
CLM01215,train,ManualReview,CLM01215_v1.png;CLM01215_v2.png
CLM00814,train,Valid,CLM00814_v1.png;CLM00814_v2.png
CLM01127,train,ManualReview,CLM01127_v1.png;CLM01127_v2.png
CLM00652,train,Invalid,CLM00652_v1.png;CLM00652_v2.png
CLM00128,train,Invalid,CLM00128_v1.png;CLM00128_v2.png
CLM00013,train,ManualReview,CLM00013_v1.png;CLM00013_v2.png
CLM00774,train,Invalid,CLM00774_v1.png;CLM00774_v2.png
CLM00098,train,Invalid,CLM00098_v1.png;CLM00098_v2.png
CLM00984,train,Invalid,CLM00984_v1.png;CLM00984_v2.png
CLM00506,train,ManualReview,CLM00506_v1.png;CLM00506_v2.png
CLM00523,train,ManualReview,CLM00523_v1.png;CLM00523_v2.png
CLM00778,train,Invalid,CLM00778_v1.png;CLM00778_v2.png
CLM00907,train,ManualReview,CLM00907_v1.png;CLM00907_v2.png
CLM00123,train,Valid,CLM00123_v1.png;CLM00123_v2.png
CLM00323,train,Valid,CLM00323_v1.png;CLM00323_v2.png
CLM00555,train,Invalid,CLM00555_v1.png;CLM00555_v2.png
CLM00253,train,Valid,CLM00253_v1.png;CLM00253_v2.png
CLM00161,train,Invalid,CLM00161_v1.png;CLM00161_v2.png
CLM01428,train,Valid,CLM01428_v1.png;CLM01428_v2.png
CLM00739,train,ManualReview,CLM00739_v1.png;CLM00739_v2.png
CLM00874,train,ManualReview,CLM00874_v1.png;CLM00874_v2.png
CLM00259,train,ManualReview,CLM00259_v1.png;CLM00259_v2.png
CLM01284,train,Valid,CLM01284_v1.png;CLM01284_v2.png
CLM00308,train,Invalid,CLM00308_v1.png;CLM00308_v2.png
CLM00516,train,ManualReview,CLM00516_v1.png;CLM00516_v2.png
CLM00660,train,Valid,CLM00660_v1.png;CLM00660_v2.png
CLM00060,train,Invalid,CLM00060_v1.png;CLM00060_v2.png
CLM00922,train,Invalid,CLM00922_v1.png;CLM00922_v2.png
CLM00457,train,ManualReview,CLM00457_v1.png;CLM00457_v2.png
CLM00990,train,Invalid,CLM00990_v1.png;CLM00990_v2.png
CLM00030,train,ManualReview,CLM00030_v1.png;CLM00030_v2.png
CLM01317,train,Valid,CLM01317_v1.png;CLM01317_v2.png
CLM00637,train,Valid,CLM00637_v1.png;CLM00637_v2.png
CLM00767,train,ManualReview,CLM00767_v1.png;CLM00767_v2.png
CLM00116,train,ManualReview,CLM00116_v1.png;CLM00116_v2.png
CLM01014,train,Invalid,CLM01014_v1.png;CLM01014_v2.png
CLM00873,train,Valid,CLM00873_v1.png;CLM00873_v2.png
CLM00359,train,Valid,CLM00359_v1.png;CLM00359_v2.png
CLM00498,train,Invalid,CLM00498_v1.png;CLM00498_v2.png
CLM00801,train,Invalid,CLM00801_v1.png;CLM00801_v2.png
CLM00425,train,ManualReview,CLM00425_v1.png;CLM00425_v2.png
CLM01330,train,Valid,CLM01330_v1.png;CLM01330_v2.png
CLM00341,train,ManualReview,CLM00341_v1.png;CLM00341_v2.png
CLM01120,train,Valid,CLM01120_v1.png;CLM01120_v2.png
CLM00980,train,ManualReview,CLM00980_v1.png;CLM00980_v2.png
CLM01092,train,Invalid,CLM01092_v1.png;CLM01092_v2.png
CLM01273,train,Valid,CLM01273_v1.png;CLM01273_v2.png
CLM00327,train,Invalid,CLM00327_v1.png;CLM00327_v2.png
CLM01493,train,Valid,CLM01493_v1.png;CLM01493_v2.png
CLM01035,train,Invalid,CLM01035_v1.png;CLM01035_v2.png
CLM00314,train,Valid,CLM00314_v1.png;CLM00314_v2.png
CLM00252,train,Invalid,CLM00252_v1.png;CLM00252_v2.png
CLM00077,train,ManualReview,CLM00077_v1.png;CLM00077_v2.png
CLM00213,train,ManualReview,CLM00213_v1.png;CLM00213_v2.png
CLM00280,train,Invalid,CLM00280_v1.png;CLM00280_v2.png
CLM00042,train,Invalid,CLM00042_v1.png;CLM00042_v2.png
CLM00718,train,Invalid,CLM00718_v1.png;CLM00718_v2.png
CLM00611,train,Invalid,CLM00611_v1.png;CLM00611_v2.png
CLM01164,train,Valid,CLM01164_v1.png;CLM01164_v2.png
CLM01183,train,ManualReview,CLM01183_v1.png;CLM01183_v2.png
CLM01307,train,Valid,CLM01307_v1.png;CLM01307_v2.png
CLM00426,train,ManualReview,CLM00426_v1.png;CLM00426_v2.png
CLM00007,train,ManualReview,CLM00007_v1.png;CLM00007_v2.png
CLM00968,train,ManualReview,CLM00968_v1.png;CLM00968_v2.png
CLM01097,train,Invalid,CLM01097_v1.png;CLM01097_v2.png
CLM00841,train,Valid,CLM00841_v1.png;CLM00841_v2.png
CLM00410,train,ManualReview,CLM00410_v1.png;CLM00410_v2.png
CLM00786,train,Invalid,CLM00786_v1.png;CLM00786_v2.png
CLM00541,train,Invalid,CLM00541_v1.png;CLM00541_v2.png
CLM00365,train,ManualReview,CLM00365_v1.png;CLM00365_v2.png
CLM00656,train,Valid,CLM00656_v1.png;CLM00656_v2.png
CLM00288,train,ManualReview,CLM00288_v1.png;CLM00288_v2.png
CLM01033,train,ManualReview,CLM01033_v1.png;CLM01033_v2.png
CLM00233,train,Invalid,CLM00233_v1.png;CLM00233_v2.png
CLM00181,train,Valid,CLM00181_v1.png;CLM00181_v2.png
CLM00019,train,ManualReview,CLM00019_v1.png;CLM00019_v2.png
CLM00985,train,ManualReview,CLM00985_v1.png;CLM00985_v2.png
CLM00802,train,ManualReview,CLM00802_v1.png;CLM00802_v2.png
CLM01252,train,Valid,CLM01252_v1.png;CLM01252_v2.png
CLM00596,train,ManualReview,CLM00596_v1.png;CLM00596_v2.png
CLM00368,train,Valid,CLM00368_v1.png;CLM00368_v2.png
CLM00109,train,Invalid,CLM00109_v1.png;CLM00109_v2.png
CLM00693,train,Invalid,CLM00693_v1.png;CLM00693_v2.png
CLM00743,train,Invalid,CLM00743_v1.png;CLM00743_v2.png
CLM00518,train,Invalid,CLM00518_v1.png;CLM00518_v2.png
CLM00935,train,Invalid,CLM00935_v1.png;CLM00935_v2.png
CLM00509,train,ManualReview,CLM00509_v1.png;CLM00509_v2.png
CLM01385,train,Valid,CLM01385_v1.png;CLM01385_v2.png
CLM01399,train,Valid,CLM01399_v1.png;CLM01399_v2.png
CLM00791,train,Invalid,CLM00791_v1.png;CLM00791_v2.png
CLM00851,train,Invalid,CLM00851_v1.png;CLM00851_v2.png
CLM00946,train,Invalid,CLM00946_v1.png;CLM00946_v2.png
CLM00794,train,Invalid,CLM00794_v1.png;CLM00794_v2.png
CLM00343,train,ManualReview,CLM00343_v1.png;CLM00343_v2.png
CLM01168,train,Valid,CLM01168_v1.png;CLM01168_v2.png
CLM00305,train,Invalid,CLM00305_v1.png;CLM00305_v2.png
CLM01057,train,Invalid,CLM01057_v1.png;CLM01057_v2.png
CLM00558,train,Invalid,CLM00558_v1.png;CLM00558_v2.png
CLM00742,train,Invalid,CLM00742_v1.png;CLM00742_v2.png
CLM01409,train,Valid,CLM01409_v1.png;CLM01409_v2.png
CLM00662,train,Invalid,CLM00662_v1.png;CLM00662_v2.png
CLM00070,train,Invalid,CLM00070_v1.png;CLM00070_v2.png
CLM00101,train,Valid,CLM00101_v1.png;CLM00101_v2.png
CLM00747,train,Invalid,CLM00747_v1.png;CLM00747_v2.png
CLM00906,train,Invalid,CLM00906_v1.png;CLM00906_v2.png
CLM00271,train,Valid,CLM00271_v1.png;CLM00271_v2.png
CLM00669,train,ManualReview,CLM00669_v1.png;CLM00669_v2.png
CLM00631,train,Invalid,CLM00631_v1.png;CLM00631_v2.png
CLM01296,train,Valid,CLM01296_v1.png;CLM01296_v2.png
CLM01311,train,Valid,CLM01311_v1.png;CLM01311_v2.png
CLM01123,train,ManualReview,CLM01123_v1.png;CLM01123_v2.png
CLM00617,train,Valid,CLM00617_v1.png;CLM00617_v2.png
CLM00844,train,ManualReview,CLM00844_v1.png;CLM00844_v2.png
CLM00242,train,Invalid,CLM00242_v1.png;CLM00242_v2.png
CLM01471,train,Valid,CLM01471_v1.png;CLM01471_v2.png
CLM01153,train,Valid,CLM01153_v1.png;CLM01153_v2.png
CLM01279,train,Valid,CLM01279_v1.png;CLM01279_v2.png
CLM01408,train,Valid,CLM01408_v1.png;CLM01408_v2.png
CLM00635,train,Invalid,CLM00635_v1.png;CLM00635_v2.png
CLM00681,train,ManualReview,CLM00681_v1.png;CLM00681_v2.png
CLM00448,train,Invalid,CLM00448_v1.png;CLM00448_v2.png
CLM00228,train,Invalid,CLM00228_v1.png;CLM00228_v2.png
CLM01134,train,Valid,CLM01134_v1.png;CLM01134_v2.png
CLM00699,train,ManualReview,CLM00699_v1.png;CLM00699_v2.png
CLM01108,train,Valid,CLM01108_v1.png;CLM01108_v2.png
CLM01344,train,Valid,CLM01344_v1.png;CLM01344_v2.png
CLM00056,train,Invalid,CLM00056_v1.png;CLM00056_v2.png
CLM00143,train,Invalid,CLM00143_v1.png;CLM00143_v2.png
CLM01240,train,Valid,CLM01240_v1.png;CLM01240_v2.png
CLM01162,train,ManualReview,CLM01162_v1.png;CLM01162_v2.png
CLM00728,train,Invalid,CLM00728_v1.png;CLM00728_v2.png
CLM00110,train,Valid,CLM00110_v1.png;CLM00110_v2.png
CLM00894,train,Valid,CLM00894_v1.png;CLM00894_v2.png
CLM00422,train,ManualReview,CLM00422_v1.png;CLM00422_v2.png
CLM01331,train,Valid,CLM01331_v1.png;CLM01331_v2.png
CLM01452,train,Valid,CLM01452_v1.png;CLM01452_v2.png
CLM00624,train,ManualReview,CLM00624_v1.png;CLM00624_v2.png
CLM00744,train,Invalid,CLM00744_v1.png;CLM00744_v2.png
CLM00294,train,Invalid,CLM00294_v1.png;CLM00294_v2.png
CLM01339,train,Valid,CLM01339_v1.png;CLM01339_v2.png
CLM00565,train,ManualReview,CLM00565_v1.png;CLM00565_v2.png
CLM00232,train,Valid,CLM00232_v1.png;CLM00232_v2.png
CLM01441,train,Valid,CLM01441_v1.png;CLM01441_v2.png
CLM01067,train,Invalid,CLM01067_v1.png;CLM01067_v2.png
CLM01050,train,Invalid,CLM01050_v1.png;CLM01050_v2.png
CLM00147,train,Invalid,CLM00147_v1.png;CLM00147_v2.png
CLM00807,train,Invalid,CLM00807_v1.png;CLM00807_v2.png
CLM00484,train,Valid,CLM00484_v1.png;CLM00484_v2.png
CLM01111,train,Invalid,CLM01111_v1.png;CLM01111_v2.png
CLM00326,train,Invalid,CLM00326_v1.png;CLM00326_v2.png
CLM01334,train,Valid,CLM01334_v1.png;CLM01334_v2.png
CLM00765,train,Invalid,CLM00765_v1.png;CLM00765_v2.png
CLM00520,train,Valid,CLM00520_v1.png;CLM00520_v2.png
CLM00460,train,Valid,CLM00460_v1.png;CLM00460_v2.png
CLM01294,train,Valid,CLM01294_v1.png;CLM01294_v2.png
CLM01063,train,Invalid,CLM01063_v1.png;CLM01063_v2.png
CLM00114,train,ManualReview,CLM00114_v1.png;CLM00114_v2.png
CLM00997,train,ManualReview,CLM00997_v1.png;CLM00997_v2.png
CLM01166,train,Valid,CLM01166_v1.png;CLM01166_v2.png
CLM00603,train,Invalid,CLM00603_v1.png;CLM00603_v2.png
CLM00268,train,ManualReview,CLM00268_v1.png;CLM00268_v2.png
CLM01216,train,Valid,CLM01216_v1.png;CLM01216_v2.png
CLM00245,train,ManualReview,CLM00245_v1.png;CLM00245_v2.png
CLM01386,train,Valid,CLM01386_v1.png;CLM01386_v2.png
CLM00829,train,ManualReview,CLM00829_v1.png;CLM00829_v2.png
CLM00567,train,Valid,CLM00567_v1.png;CLM00567_v2.png
CLM00638,train,Invalid,CLM00638_v1.png;CLM00638_v2.png
CLM00789,train,Invalid,CLM00789_v1.png;CLM00789_v2.png
CLM00023,train,Invalid,CLM00023_v1.png;CLM00023_v2.png
CLM00824,train,Invalid,CLM00824_v1.png;CLM00824_v2.png
CLM00216,train,Invalid,CLM00216_v1.png;CLM00216_v2.png
CLM00691,train,ManualReview,CLM00691_v1.png;CLM00691_v2.png
CLM01369,train,Valid,CLM01369_v1.png;CLM01369_v2.png
CLM00972,train,ManualReview,CLM00972_v1.png;CLM00972_v2.png
CLM00322,train,Invalid,CLM00322_v1.png;CLM00322_v2.png
CLM01093,train,Invalid,CLM01093_v1.png;CLM01093_v2.png
CLM01378,train,Valid,CLM01378_v1.png;CLM01378_v2.png
CLM00093,train,Valid,CLM00093_v1.png;CLM00093_v2.png
CLM01267,train,Valid,CLM01267_v1.png;CLM01267_v2.png
CLM00538,train,Valid,CLM00538_v1.png;CLM00538_v2.png
CLM00654,train,Invalid,CLM00654_v1.png;CLM00654_v2.png
CLM00633,train,Invalid,CLM00633_v1.png;CLM00633_v2.png
CLM01179,train,ManualReview,CLM01179_v1.png;CLM01179_v2.png
CLM00960,train,Valid,CLM00960_v1.png;CLM00960_v2.png
CLM00773,train,Invalid,CLM00773_v1.png;CLM00773_v2.png
CLM01115,train,Invalid,CLM01115_v1.png;CLM01115_v2.png
CLM01429,train,Valid,CLM01429_v1.png;CLM01429_v2.png
CLM00571,train,Invalid,CLM00571_v1.png;CLM00571_v2.png
CLM00525,train,Invalid,CLM00525_v1.png;CLM00525_v2.png
CLM00416,train,ManualReview,CLM00416_v1.png;CLM00416_v2.png
CLM00659,train,ManualReview,CLM00659_v1.png;CLM00659_v2.png
CLM00461,train,Invalid,CLM00461_v1.png;CLM00461_v2.png
CLM00217,train,Valid,CLM00217_v1.png;CLM00217_v2.png
CLM00785,train,Invalid,CLM00785_v1.png;CLM00785_v2.png
CLM00915,train,Valid,CLM00915_v1.png;CLM00915_v2.png
CLM00086,train,Invalid,CLM00086_v1.png;CLM00086_v2.png
CLM00986,train,Valid,CLM00986_v1.png;CLM00986_v2.png
CLM00412,train,Invalid,CLM00412_v1.png;CLM00412_v2.png
CLM00865,train,Invalid,CLM00865_v1.png;CLM00865_v2.png
CLM00155,train,Valid,CLM00155_v1.png;CLM00155_v2.png
CLM00775,train,ManualReview,CLM00775_v1.png;CLM00775_v2.png
CLM00527,train,Invalid,CLM00527_v1.png;CLM00527_v2.png
CLM00371,train,Invalid,CLM00371_v1.png;CLM00371_v2.png
CLM01243,train,Valid,CLM01243_v1.png;CLM01243_v2.png
CLM01486,train,Valid,CLM01486_v1.png;CLM01486_v2.png
CLM00967,train,Valid,CLM00967_v1.png;CLM00967_v2.png
CLM00639,train,ManualReview,CLM00639_v1.png;CLM00639_v2.png
CLM01175,train,ManualReview,CLM01175_v1.png;CLM01175_v2.png
CLM00643,train,Invalid,CLM00643_v1.png;CLM00643_v2.png
CLM00992,train,Invalid,CLM00992_v1.png;CLM00992_v2.png
CLM00034,train,ManualReview,CLM00034_v1.png;CLM00034_v2.png
CLM00102,train,ManualReview,CLM00102_v1.png;CLM00102_v2.png
CLM00999,train,ManualReview,CLM00999_v1.png;CLM00999_v2.png
CLM00214,train,Invalid,CLM00214_v1.png;CLM00214_v2.png
CLM00300,train,ManualReview,CLM00300_v1.png;CLM00300_v2.png
CLM00481,train,Valid,CLM00481_v1.png;CLM00481_v2.png
CLM00005,train,Invalid,CLM00005_v1.png;CLM00005_v2.png
CLM01130,train,Valid,CLM01130_v1.png;CLM01130_v2.png
CLM00347,train,ManualReview,CLM00347_v1.png;CLM00347_v2.png
CLM00818,train,Valid,CLM00818_v1.png;CLM00818_v2.png
CLM01381,train,Valid,CLM01381_v1.png;CLM01381_v2.png
CLM01372,train,Valid,CLM01372_v1.png;CLM01372_v2.png
CLM01318,train,Valid,CLM01318_v1.png;CLM01318_v2.png
CLM01449,train,Valid,CLM01449_v1.png;CLM01449_v2.png
CLM00238,train,ManualReview,CLM00238_v1.png;CLM00238_v2.png
CLM00809,train,ManualReview,CLM00809_v1.png;CLM00809_v2.png
CLM01349,train,Valid,CLM01349_v1.png;CLM01349_v2.png
CLM00875,train,Valid,CLM00875_v1.png;CLM00875_v2.png
CLM00474,train,ManualReview,CLM00474_v1.png;CLM00474_v2.png
CLM00882,train,Invalid,CLM00882_v1.png;CLM00882_v2.png
CLM01498,train,Valid,CLM01498_v1.png;CLM01498_v2.png
CLM00800,train,Invalid,CLM00800_v1.png;CLM00800_v2.png
CLM00405,train,Invalid,CLM00405_v1.png;CLM00405_v2.png
CLM00138,train,ManualReview,CLM00138_v1.png;CLM00138_v2.png
CLM00864,train,Invalid,CLM00864_v1.png;CLM00864_v2.png
CLM00877,train,ManualReview,CLM00877_v1.png;CLM00877_v2.png
CLM00694,train,ManualReview,CLM00694_v1.png;CLM00694_v2.png
CLM00199,train,ManualReview,CLM00199_v1.png;CLM00199_v2.png
CLM00207,train,Valid,CLM00207_v1.png;CLM00207_v2.png
CLM01221,train,Valid,CLM01221_v1.png;CLM01221_v2.png
CLM00831,train,ManualReview,CLM00831_v1.png;CLM00831_v2.png
CLM00218,train,Invalid,CLM00218_v1.png;CLM00218_v2.png
CLM00453,train,ManualReview,CLM00453_v1.png;CLM00453_v2.png
CLM00134,train,Invalid,CLM00134_v1.png;CLM00134_v2.png
CLM00529,train,Invalid,CLM00529_v1.png;CLM00529_v2.png
CLM00711,train,ManualReview,CLM00711_v1.png;CLM00711_v2.png
CLM00532,train,Invalid,CLM00532_v1.png;CLM00532_v2.png
CLM01051,train,ManualReview,CLM01051_v1.png;CLM01051_v2.png
CLM00862,train,Invalid,CLM00862_v1.png;CLM00862_v2.png
CLM00684,train,Invalid,CLM00684_v1.png;CLM00684_v2.png
CLM00197,train,Invalid,CLM00197_v1.png;CLM00197_v2.png
CLM00724,train,ManualReview,CLM00724_v1.png;CLM00724_v2.png
CLM01060,train,Invalid,CLM01060_v1.png;CLM01060_v2.png
CLM01208,train,ManualReview,CLM01208_v1.png;CLM01208_v2.png
CLM00625,train,Invalid,CLM00625_v1.png;CLM00625_v2.png
CLM01155,train,Valid,CLM01155_v1.png;CLM01155_v2.png
CLM01238,train,Valid,CLM01238_v1.png;CLM01238_v2.png
CLM00779,train,ManualReview,CLM00779_v1.png;CLM00779_v2.png
CLM00480,train,Invalid,CLM00480_v1.png;CLM00480_v2.png
CLM00588,train,Invalid,CLM00588_v1.png;CLM00588_v2.png
CLM00002,train,ManualReview,CLM00002_v1.png;CLM00002_v2.png
CLM00540,train,Invalid,CLM00540_v1.png;CLM00540_v2.png
CLM01157,train,ManualReview,CLM01157_v1.png;CLM01157_v2.png
CLM00872,train,ManualReview,CLM00872_v1.png;CLM00872_v2.png
CLM01315,train,Valid,CLM01315_v1.png;CLM01315_v2.png
CLM00230,train,Invalid,CLM00230_v1.png;CLM00230_v2.png
CLM00076,train,Valid,CLM00076_v1.png;CLM00076_v2.png
CLM00352,train,Invalid,CLM00352_v1.png;CLM00352_v2.png
CLM00917,train,Valid,CLM00917_v1.png;CLM00917_v2.png
CLM00149,train,Invalid,CLM00149_v1.png;CLM00149_v2.png
CLM00956,train,Invalid,CLM00956_v1.png;CLM00956_v2.png
CLM00057,train,ManualReview,CLM00057_v1.png;CLM00057_v2.png
CLM00387,train,Valid,CLM00387_v1.png;CLM00387_v2.png
CLM00581,train,Valid,CLM00581_v1.png;CLM00581_v2.png
CLM00583,train,ManualReview,CLM00583_v1.png;CLM00583_v2.png
CLM00706,train,Invalid,CLM00706_v1.png;CLM00706_v2.png
CLM01100,train,Invalid,CLM01100_v1.png;CLM01100_v2.png
CLM00179,train,Valid,CLM00179_v1.png;CLM00179_v2.png
CLM00402,train,Invalid,CLM00402_v1.png;CLM00402_v2.png
CLM00028,train,ManualReview,CLM00028_v1.png;CLM00028_v2.png
CLM01217,train,ManualReview,CLM01217_v1.png;CLM01217_v2.png
CLM00182,train,ManualReview,CLM00182_v1.png;CLM00182_v2.png
CLM00582,train,Invalid,CLM00582_v1.png;CLM00582_v2.png
CLM00078,train,Invalid,CLM00078_v1.png;CLM00078_v2.png
CLM01302,train,Valid,CLM01302_v1.png;CLM01302_v2.png
CLM01483,train,Valid,CLM01483_v1.png;CLM01483_v2.png
CLM00919,train,Valid,CLM00919_v1.png;CLM00919_v2.png
CLM00397,train,Invalid,CLM00397_v1.png;CLM00397_v2.png
CLM00766,train,Valid,CLM00766_v1.png;CLM00766_v2.png
CLM00049,train,ManualReview,CLM00049_v1.png;CLM00049_v2.png
CLM00204,train,ManualReview,CLM00204_v1.png;CLM00204_v2.png
CLM00951,train,Invalid,CLM00951_v1.png;CLM00951_v2.png
CLM01306,train,Valid,CLM01306_v1.png;CLM01306_v2.png
CLM00590,train,ManualReview,CLM00590_v1.png;CLM00590_v2.png
CLM01030,train,Invalid,CLM01030_v1.png;CLM01030_v2.png
CLM00941,train,ManualReview,CLM00941_v1.png;CLM00941_v2.png
CLM00190,train,ManualReview,CLM00190_v1.png;CLM00190_v2.png
CLM00345,train,ManualReview,CLM00345_v1.png;CLM00345_v2.png
CLM01087,train,Valid,CLM01087_v1.png;CLM01087_v2.png
CLM01276,train,Valid,CLM01276_v1.png;CLM01276_v2.png
CLM01124,train,ManualReview,CLM01124_v1.png;CLM01124_v2.png
CLM00262,train,ManualReview,CLM00262_v1.png;CLM00262_v2.png
CLM00777,train,Invalid,CLM00777_v1.png;CLM00777_v2.png
CLM00319,train,ManualReview,CLM00319_v1.png;CLM00319_v2.png
CLM01451,train,Valid,CLM01451_v1.png;CLM01451_v2.png
CLM00726,train,Invalid,CLM00726_v1.png;CLM00726_v2.png
CLM01287,train,Valid,CLM01287_v1.png;CLM01287_v2.png
CLM00780,train,Invalid,CLM00780_v1.png;CLM00780_v2.png
CLM01289,train,Valid,CLM01289_v1.png;CLM01289_v2.png
CLM00489,train,Invalid,CLM00489_v1.png;CLM00489_v2.png
CLM00466,train,ManualReview,CLM00466_v1.png;CLM00466_v2.png
CLM01490,train,Valid,CLM01490_v1.png;CLM01490_v2.png
CLM00511,train,Invalid,CLM00511_v1.png;CLM00511_v2.png
CLM01058,train,Valid,CLM01058_v1.png;CLM01058_v2.png
CLM00965,train,Invalid,CLM00965_v1.png;CLM00965_v2.png
CLM01246,train,Valid,CLM01246_v1.png;CLM01246_v2.png
CLM00090,train,Invalid,CLM00090_v1.png;CLM00090_v2.png
CLM01176,train,ManualReview,CLM01176_v1.png;CLM01176_v2.png
CLM00442,train,Invalid,CLM00442_v1.png;CLM00442_v2.png
CLM01461,train,Valid,CLM01461_v1.png;CLM01461_v2.png
CLM01255,train,Valid,CLM01255_v1.png;CLM01255_v2.png
CLM01360,train,Valid,CLM01360_v1.png;CLM01360_v2.png
CLM00512,train,Invalid,CLM00512_v1.png;CLM00512_v2.png
CLM00131,train,Invalid,CLM00131_v1.png;CLM00131_v2.png
CLM01072,train,ManualReview,CLM01072_v1.png;CLM01072_v2.png
CLM01019,train,ManualReview,CLM01019_v1.png;CLM01019_v2.png
CLM01371,train,Valid,CLM01371_v1.png;CLM01371_v2.png
CLM00043,train,ManualReview,CLM00043_v1.png;CLM00043_v2.png
CLM00944,train,Invalid,CLM00944_v1.png;CLM00944_v2.png
CLM00788,train,Valid,CLM00788_v1.png;CLM00788_v2.png
CLM00224,train,Invalid,CLM00224_v1.png;CLM00224_v2.png
CLM00641,train,ManualReview,CLM00641_v1.png;CLM00641_v2.png
CLM00958,train,Invalid,CLM00958_v1.png;CLM00958_v2.png
CLM01032,train,ManualReview,CLM01032_v1.png;CLM01032_v2.png
CLM01006,train,Invalid,CLM01006_v1.png;CLM01006_v2.png
CLM00729,train,ManualReview,CLM00729_v1.png;CLM00729_v2.png
CLM00462,train,ManualReview,CLM00462_v1.png;CLM00462_v2.png
CLM00549,train,Valid,CLM00549_v1.png;CLM00549_v2.png
CLM01135,train,ManualReview,CLM01135_v1.png;CLM01135_v2.png
CLM00732,train,Invalid,CLM00732_v1.png;CLM00732_v2.png
CLM00508,train,Invalid,CLM00508_v1.png;CLM00508_v2.png
CLM00750,val,ManualReview,CLM00750.png
CLM00006,val,Invalid,CLM00006.png
CLM01464,val,Valid,CLM01464.png
CLM00595,val,Invalid,CLM00595.png
CLM01463,val,Valid,CLM01463.png
CLM00008,val,Invalid,CLM00008.png
CLM01114,val,Invalid,CLM01114.png
CLM01227,val,Valid,CLM01227.png
CLM00573,val,Invalid,CLM00573.png
CLM00040,val,Invalid,CLM00040.png
CLM01180,val,ManualReview,CLM01180.png
CLM00189,val,ManualReview,CLM00189.png
CLM00949,val,Invalid,CLM00949.png
CLM00497,val,ManualReview,CLM00497.png
CLM00417,val,ManualReview,CLM00417.png
CLM00961,val,ManualReview,CLM00961.png
CLM00191,val,ManualReview,CLM00191.png
CLM01042,val,Invalid,CLM01042.png
CLM01453,val,Valid,CLM01453.png
CLM00575,val,Invalid,CLM00575.png
CLM01442,val,Valid,CLM01442.png
CLM00790,val,ManualReview,CLM00790.png
CLM01029,val,Invalid,CLM01029.png
CLM00226,val,Invalid,CLM00226.png
CLM00048,val,Valid,CLM00048.png
CLM00890,val,Valid,CLM00890.png
CLM00254,val,Invalid,CLM00254.png
CLM00837,val,Invalid,CLM00837.png
CLM00570,val,Invalid,CLM00570.png
CLM00632,val,Valid,CLM00632.png
CLM00127,val,Valid,CLM00127.png
CLM01268,val,Valid,CLM01268.png
CLM00415,val,ManualReview,CLM00415.png
CLM00381,val,Invalid,CLM00381.png
CLM00391,val,Invalid,CLM00391.png
CLM01109,val,Valid,CLM01109.png
CLM00483,val,Invalid,CLM00483.png
CLM00119,val,Valid,CLM00119.png
CLM01348,val,Valid,CLM01348.png
CLM01314,val,Valid,CLM01314.png
CLM00530,val,Valid,CLM00530.png
CLM01084,val,Invalid,CLM01084.png
CLM01351,val,Valid,CLM01351.png
CLM00636,val,Invalid,CLM00636.png
CLM01325,val,Valid,CLM01325.png
CLM00953,val,Invalid,CLM00953.png
CLM01034,val,ManualReview,CLM01034.png
CLM00447,val,ManualReview,CLM00447.png
CLM00494,val,Valid,CLM00494.png
CLM01137,val,Valid,CLM01137.png
CLM00203,val,Invalid,CLM00203.png
CLM01022,val,Valid,CLM01022.png
CLM01443,val,Valid,CLM01443.png
CLM01281,val,Valid,CLM01281.png
CLM01488,val,Valid,CLM01488.png
CLM00338,val,ManualReview,CLM00338.png
CLM01107,val,ManualReview,CLM01107.png
CLM01450,val,Valid,CLM01450.png
CLM00897,val,Invalid,CLM00897.png
CLM00550,val,Invalid,CLM00550.png
CLM01125,val,ManualReview,CLM01125.png
CLM01171,val,ManualReview,CLM01171.png
CLM00577,val,ManualReview,CLM00577.png
CLM00446,val,ManualReview,CLM00446.png
CLM00962,val,Valid,CLM00962.png
CLM00312,val,ManualReview,CLM00312.png
CLM00799,val,ManualReview,CLM00799.png
CLM00916,val,ManualReview,CLM00916.png
CLM01159,val,ManualReview,CLM01159.png
CLM01355,val,Valid,CLM01355.png
CLM01337,val,Valid,CLM01337.png
CLM00910,val,Valid,CLM00910.png
CLM01012,val,ManualReview,CLM01012.png
CLM00515,val,Valid,CLM00515.png
CLM00855,val,Invalid,CLM00855.png
CLM01113,val,Invalid,CLM01113.png
CLM01192,val,ManualReview,CLM01192.png
CLM00543,val,ManualReview,CLM00543.png
CLM00201,val,ManualReview,CLM00201.png
CLM00772,val,ManualReview,CLM00772.png
CLM00821,val,ManualReview,CLM00821.png
CLM01312,val,Valid,CLM01312.png
CLM01332,val,Valid,CLM01332.png
CLM00881,val,Invalid,CLM00881.png
CLM00438,val,ManualReview,CLM00438.png
CLM00490,val,Invalid,CLM00490.png
CLM00384,val,Invalid,CLM00384.png
CLM00137,val,Valid,CLM00137.png
CLM00698,val,ManualReview,CLM00698.png
CLM01462,val,Valid,CLM01462.png
CLM00103,val,Valid,CLM00103.png
CLM00688,val,Valid,CLM00688.png
CLM00842,val,Invalid,CLM00842.png
CLM01054,val,ManualReview,CLM01054.png
CLM00764,val,Invalid,CLM00764.png
CLM00648,val,Invalid,CLM00648.png
CLM00471,val,Valid,CLM00471.png
CLM00212,val,ManualReview,CLM00212.png
CLM01129,val,ManualReview,CLM01129.png
CLM00445,val,Valid,CLM00445.png
CLM00735,val,ManualReview,CLM00735.png
CLM01353,val,Valid,CLM01353.png
CLM01419,val,Valid,CLM01419.png
CLM00740,val,Valid,CLM00740.png
CLM00533,val,Invalid,CLM00533.png
CLM01278,val,Valid,CLM01278.png
CLM01304,val,Valid,CLM01304.png
CLM01015,val,Invalid,CLM01015.png
CLM00629,val,Invalid,CLM00629.png
CLM00192,val,Valid,CLM00192.png
CLM00151,val,ManualReview,CLM00151.png
CLM01396,val,Valid,CLM01396.png
CLM00503,val,ManualReview,CLM00503.png
CLM00975,val,ManualReview,CLM00975.png
CLM00084,val,Valid,CLM00084.png
CLM00367,val,Invalid,CLM00367.png
CLM00553,val,ManualReview,CLM00553.png
CLM01158,val,ManualReview,CLM01158.png
CLM00927,val,Invalid,CLM00927.png
CLM00337,val,Invalid,CLM00337.png
CLM01194,val,ManualReview,CLM01194.png
CLM00911,val,ManualReview,CLM00911.png
CLM01300,val,Valid,CLM01300.png
CLM00695,val,Invalid,CLM00695.png
CLM00955,val,Invalid,CLM00955.png
CLM00096,val,Invalid,CLM00096.png
CLM00470,val,ManualReview,CLM00470.png
CLM00626,val,Valid,CLM00626.png
CLM00479,val,ManualReview,CLM00479.png
CLM00722,val,Invalid,CLM00722.png
CLM00205,val,ManualReview,CLM00205.png
CLM01303,val,Valid,CLM01303.png
CLM01007,val,Invalid,CLM01007.png
CLM00599,val,Invalid,CLM00599.png
CLM00950,val,ManualReview,CLM00950.png
CLM00398,val,Invalid,CLM00398.png
CLM00998,val,ManualReview,CLM00998.png
CLM00400,val,ManualReview,CLM00400.png
CLM00725,val,Valid,CLM00725.png
CLM00803,val,ManualReview,CLM00803.png
CLM00346,val,Valid,CLM00346.png
CLM00469,val,ManualReview,CLM00469.png
CLM00130,val,Invalid,CLM00130.png
CLM00174,val,Invalid,CLM00174.png
CLM01466,val,Valid,CLM01466.png
CLM01117,val,ManualReview,CLM01117.png
CLM00937,val,Invalid,CLM00937.png
CLM00363,val,ManualReview,CLM00363.png
CLM00010,val,Valid,CLM00010.png
CLM00983,val,Invalid,CLM00983.png
CLM00413,val,ManualReview,CLM00413.png
CLM01414,val,Valid,CLM01414.png
CLM00177,val,Invalid,CLM00177.png
CLM00618,val,ManualReview,CLM00618.png
CLM01244,val,Valid,CLM01244.png
CLM00621,val,ManualReview,CLM00621.png
CLM00591,val,Valid,CLM00591.png
CLM00554,val,Invalid,CLM00554.png
CLM00009,val,Invalid,CLM00009.png
CLM00988,val,Invalid,CLM00988.png
CLM01193,val,ManualReview,CLM01193.png
CLM01234,val,Valid,CLM01234.png
CLM00947,val,ManualReview,CLM00947.png
CLM00811,val,ManualReview,CLM00811.png
CLM00623,val,Valid,CLM00623.png
CLM01437,val,Valid,CLM01437.png
CLM01187,val,Valid,CLM01187.png
CLM01098,val,Invalid,CLM01098.png
CLM00433,val,Invalid,CLM00433.png
CLM01416,val,Valid,CLM01416.png
CLM00336,val,ManualReview,CLM00336.png
CLM00302,val,ManualReview,CLM00302.png
CLM00053,val,ManualReview,CLM00053.png
CLM00225,val,Invalid,CLM00225.png
CLM01361,val,Valid,CLM01361.png
CLM00887,val,ManualReview,CLM00887.png
CLM00437,val,Invalid,CLM00437.png
CLM00680,val,ManualReview,CLM00680.png
CLM00870,val,Invalid,CLM00870.png
CLM01320,val,Valid,CLM01320.png
CLM00539,val,Invalid,CLM00539.png
CLM00299,val,Invalid,CLM00299.png
CLM00964,val,ManualReview,CLM00964.png
CLM01139,val,ManualReview,CLM01139.png
CLM01211,val,Valid,CLM01211.png
CLM01195,val,ManualReview,CLM01195.png
CLM00557,val,Invalid,CLM00557.png
CLM00284,val,Invalid,CLM00284.png
CLM00849,val,Invalid,CLM00849.png
CLM00168,val,Invalid,CLM00168.png
CLM00050,val,ManualReview,CLM00050.png
CLM00700,val,ManualReview,CLM00700.png
CLM01417,val,Valid,CLM01417.png
CLM01104,val,ManualReview,CLM01104.png
CLM01172,val,ManualReview,CLM01172.png
CLM00082,val,Invalid,CLM00082.png
CLM00970,val,Invalid,CLM00970.png
CLM00297,val,Invalid,CLM00297.png
CLM00059,val,Invalid,CLM00059.png
CLM01475,val,Valid,CLM01475.png
CLM01185,val,ManualReview,CLM01185.png
CLM01085,val,Invalid,CLM01085.png
CLM01053,val,Invalid,CLM01053.png
CLM00787,val,ManualReview,CLM00787.png
CLM00158,val,ManualReview,CLM00158.png
CLM00586,val,Valid,CLM00586.png
CLM00112,val,Valid,CLM00112.png
CLM00689,val,Invalid,CLM00689.png
CLM01345,val,Valid,CLM01345.png
CLM01259,val,Valid,CLM01259.png
CLM01380,val,Valid,CLM01380.png
CLM01257,val,Valid,CLM01257.png
CLM00311,val,Invalid,CLM00311.png
CLM01038,val,ManualReview,CLM01038.png
CLM00180,val,Invalid,CLM00180.png
CLM01473,val,Valid,CLM01473.png
CLM00912,val,Invalid,CLM00912.png
CLM00627,val,ManualReview,CLM00627.png
CLM00166,val,Invalid,CLM00166.png
CLM00650,val,ManualReview,CLM00650.png
CLM00918,val,Valid,CLM00918.png
CLM00467,val,ManualReview,CLM00467.png
CLM00994,val,Valid,CLM00994.png
CLM00542,val,Invalid,CLM00542.png
CLM01297,val,Valid,CLM01297.png
CLM00492,test,ManualReview,CLM00492.png
CLM00388,test,Invalid,CLM00388.png
CLM00702,test,Valid,CLM00702.png
CLM00942,test,Invalid,CLM00942.png
CLM01086,test,Valid,CLM01086.png
CLM00200,test,Invalid,CLM00200.png
CLM00162,test,Invalid,CLM00162.png
CLM00487,test,Valid,CLM00487.png
CLM00169,test,Invalid,CLM00169.png
CLM00107,test,Invalid,CLM00107.png
CLM00071,test,ManualReview,CLM00071.png
CLM00058,test,ManualReview,CLM00058.png
CLM01044,test,Invalid,CLM01044.png
CLM00372,test,ManualReview,CLM00372.png
CLM00609,test,ManualReview,CLM00609.png
CLM01154,test,ManualReview,CLM01154.png
CLM00430,test,ManualReview,CLM00430.png
CLM00600,test,Invalid,CLM00600.png
CLM01275,test,Valid,CLM01275.png
CLM00279,test,Invalid,CLM00279.png
CLM01346,test,Valid,CLM01346.png
CLM00176,test,ManualReview,CLM00176.png
CLM00202,test,Invalid,CLM00202.png
CLM01095,test,Invalid,CLM01095.png
CLM01313,test,Valid,CLM01313.png
CLM01484,test,Valid,CLM01484.png
CLM01048,test,Invalid,CLM01048.png
CLM00513,test,Invalid,CLM00513.png
CLM00715,test,Invalid,CLM00715.png
CLM01407,test,Valid,CLM01407.png
CLM00260,test,Valid,CLM00260.png
CLM01352,test,Valid,CLM01352.png
CLM00812,test,ManualReview,CLM00812.png
CLM01068,test,Invalid,CLM01068.png
CLM00605,test,Invalid,CLM00605.png
CLM00444,test,Valid,CLM00444.png
CLM00537,test,Invalid,CLM00537.png
CLM01145,test,Valid,CLM01145.png
CLM01004,test,Valid,CLM01004.png
CLM01143,test,Valid,CLM01143.png
CLM00721,test,Valid,CLM00721.png
CLM00282,test,Invalid,CLM00282.png
CLM01410,test,Valid,CLM01410.png
CLM00223,test,Invalid,CLM00223.png
CLM01487,test,Valid,CLM01487.png
CLM00932,test,Invalid,CLM00932.png
CLM00285,test,ManualReview,CLM00285.png
CLM00263,test,ManualReview,CLM00263.png
CLM01229,test,Valid,CLM01229.png
CLM01250,test,Valid,CLM01250.png
CLM00360,test,Invalid,CLM00360.png
CLM01495,test,Valid,CLM01495.png
CLM00905,test,Valid,CLM00905.png
CLM00991,test,Valid,CLM00991.png
CLM01389,test,Valid,CLM01389.png
CLM00033,test,ManualReview,CLM00033.png
CLM01148,test,ManualReview,CLM01148.png
CLM01436,test,Valid,CLM01436.png
CLM00703,test,Invalid,CLM00703.png
CLM00316,test,Invalid,CLM00316.png
CLM00810,test,ManualReview,CLM00810.png
CLM00552,test,ManualReview,CLM00552.png
CLM00196,test,ManualReview,CLM00196.png
CLM00665,test,ManualReview,CLM00665.png
CLM00499,test,Valid,CLM00499.png
CLM00328,test,ManualReview,CLM00328.png
CLM00657,test,ManualReview,CLM00657.png
CLM00210,test,ManualReview,CLM00210.png
CLM00443,test,ManualReview,CLM00443.png
CLM00843,test,Valid,CLM00843.png
CLM01235,test,Valid,CLM01235.png
CLM01454,test,Valid,CLM01454.png
CLM01218,test,ManualReview,CLM01218.png
CLM01102,test,Valid,CLM01102.png
CLM00393,test,Invalid,CLM00393.png
CLM01037,test,Invalid,CLM01037.png
CLM00679,test,ManualReview,CLM00679.png
CLM00395,test,ManualReview,CLM00395.png
CLM00649,test,ManualReview,CLM00649.png
CLM00003,test,ManualReview,CLM00003.png
CLM00524,test,ManualReview,CLM00524.png
CLM01438,test,Valid,CLM01438.png
CLM01384,test,Valid,CLM01384.png
CLM00318,test,Invalid,CLM00318.png
CLM00099,test,ManualReview,CLM00099.png
CLM00407,test,Invalid,CLM00407.png
CLM00601,test,Invalid,CLM00601.png
CLM01394,test,Valid,CLM01394.png
CLM01005,test,ManualReview,CLM01005.png
CLM01277,test,Valid,CLM01277.png
CLM00144,test,Valid,CLM00144.png
CLM00464,test,Valid,CLM00464.png
CLM00602,test,Invalid,CLM00602.png
CLM01118,test,ManualReview,CLM01118.png
CLM00074,test,Invalid,CLM00074.png
CLM00878,test,Invalid,CLM00878.png
CLM01367,test,Valid,CLM01367.png
CLM00879,test,ManualReview,CLM00879.png
CLM00339,test,ManualReview,CLM00339.png
CLM01427,test,Valid,CLM01427.png
CLM00026,test,ManualReview,CLM00026.png
CLM01249,test,Valid,CLM01249.png
CLM01225,test,Valid,CLM01225.png
CLM00808,test,Valid,CLM00808.png
CLM00619,test,Invalid,CLM00619.png
CLM00171,test,Valid,CLM00171.png
CLM01455,test,Valid,CLM01455.png
CLM01013,test,Invalid,CLM01013.png
CLM00246,test,Invalid,CLM00246.png
CLM00519,test,Valid,CLM00519.png
CLM01209,test,ManualReview,CLM01209.png
CLM01457,test,Valid,CLM01457.png
CLM00142,test,ManualReview,CLM00142.png
CLM01178,test,ManualReview,CLM01178.png
CLM01233,test,Valid,CLM01233.png
CLM00723,test,Invalid,CLM00723.png
CLM00332,test,ManualReview,CLM00332.png
CLM01011,test,ManualReview,CLM01011.png
CLM01077,test,Invalid,CLM01077.png
CLM00172,test,Invalid,CLM00172.png
CLM00414,test,ManualReview,CLM00414.png
CLM00852,test,ManualReview,CLM00852.png
CLM00092,test,Valid,CLM00092.png
CLM00283,test,Invalid,CLM00283.png
CLM00820,test,Invalid,CLM00820.png
CLM00227,test,Invalid,CLM00227.png
CLM00822,test,ManualReview,CLM00822.png
CLM00016,test,Valid,CLM00016.png
CLM00973,test,ManualReview,CLM00973.png
CLM00933,test,Invalid,CLM00933.png
CLM00313,test,ManualReview,CLM00313.png
CLM00746,test,Valid,CLM00746.png
CLM00796,test,Invalid,CLM00796.png
CLM00029,test,Invalid,CLM00029.png
CLM00390,test,ManualReview,CLM00390.png
CLM00913,test,Invalid,CLM00913.png
CLM00208,test,ManualReview,CLM00208.png
CLM01223,test,ManualReview,CLM01223.png
CLM00401,test,Valid,CLM00401.png
CLM00517,test,ManualReview,CLM00517.png
CLM00031,test,Valid,CLM00031.png
CLM00753,test,ManualReview,CLM00753.png
CLM00574,test,Invalid,CLM00574.png
CLM00943,test,Invalid,CLM00943.png
CLM00563,test,Valid,CLM00563.png
CLM00491,test,ManualReview,CLM00491.png
CLM01027,test,Invalid,CLM01027.png
CLM00251,test,ManualReview,CLM00251.png
CLM01492,test,Valid,CLM01492.png
CLM00111,test,Invalid,CLM00111.png
CLM00036,test,ManualReview,CLM00036.png
CLM01362,test,Valid,CLM01362.png
CLM00692,test,Invalid,CLM00692.png
CLM01169,test,ManualReview,CLM01169.png
CLM00501,test,Valid,CLM00501.png
CLM00971,test,ManualReview,CLM00971.png
CLM01368,test,Valid,CLM01368.png
CLM00661,test,Invalid,CLM00661.png
CLM00394,test,Invalid,CLM00394.png
CLM00392,test,Invalid,CLM00392.png
CLM00389,test,ManualReview,CLM00389.png
CLM01397,test,Valid,CLM01397.png
CLM00929,test,ManualReview,CLM00929.png
CLM00579,test,ManualReview,CLM00579.png
CLM01478,test,Valid,CLM01478.png
CLM01444,test,Valid,CLM01444.png
CLM01456,test,Valid,CLM01456.png
CLM00931,test,Invalid,CLM00931.png
CLM00406,test,Invalid,CLM00406.png
CLM01301,test,Valid,CLM01301.png
CLM00055,test,ManualReview,CLM00055.png
CLM01163,test,ManualReview,CLM01163.png
CLM00178,test,ManualReview,CLM00178.png
CLM00342,test,Invalid,CLM00342.png
CLM00880,test,Valid,CLM00880.png
CLM00979,test,ManualReview,CLM00979.png
CLM00032,test,Invalid,CLM00032.png
CLM00495,test,ManualReview,CLM00495.png
CLM00321,test,Invalid,CLM00321.png
CLM01357,test,Valid,CLM01357.png
CLM00167,test,Invalid,CLM00167.png
CLM00021,test,Invalid,CLM00021.png
CLM01199,test,ManualReview,CLM01199.png
CLM00566,test,ManualReview,CLM00566.png
CLM01326,test,Valid,CLM01326.png
CLM01121,test,ManualReview,CLM01121.png
CLM00361,test,Invalid,CLM00361.png
CLM00642,test,Invalid,CLM00642.png
CLM01071,test,Invalid,CLM01071.png
CLM00876,test,Invalid,CLM00876.png
CLM00514,test,ManualReview,CLM00514.png
CLM00569,test,ManualReview,CLM00569.png
CLM01440,test,Valid,CLM01440.png
CLM00159,test,ManualReview,CLM00159.png
CLM00734,test,ManualReview,CLM00734.png
CLM00745,test,Invalid,CLM00745.png
CLM00351,test,Invalid,CLM00351.png
CLM00720,test,Invalid,CLM00720.png
CLM00062,test,Invalid,CLM00062.png
CLM01136,test,Valid,CLM01136.png
CLM01190,test,ManualReview,CLM01190.png
CLM01078,test,Invalid,CLM01078.png
CLM00231,test,Invalid,CLM00231.png
CLM00089,test,ManualReview,CLM00089.png
CLM00087,test,ManualReview,CLM00087.png
CLM00477,test,Valid,CLM00477.png
CLM01309,test,Valid,CLM01309.png
CLM01083,test,Invalid,CLM01083.png
CLM00465,test,Valid,CLM00465.png
CLM01496,test,Valid,CLM01496.png
CLM00439,test,Valid,CLM00439.png
CLM01481,test,Valid,CLM01481.png
CLM00925,test,Invalid,CLM00925.png
CLM00770,test,ManualReview,CLM00770.png
CLM00504,test,Invalid,CLM00504.png
CLM01247,test,Valid,CLM01247.png
CLM01089,test,Invalid,CLM01089.png
CLM01200,test,ManualReview,CLM01200.png
CLM00544,test,Invalid,CLM00544.png
CLM00241,test,ManualReview,CLM00241.png
CLM01210,test,Valid,CLM01210.png
CLM00646,test,ManualReview,CLM00646.png
CLM01222,test,Valid,CLM01222.png
CLM00616,test,Invalid,CLM00616.png
CLM00510,test,Valid,CLM00510.png
